user_id	user_name	follower	following	tweet	date
Soliton111	Soliton	96	109	https://t.co/Q1C3DuV5PW を読む	2019-09-12 18:21:39
arutema47	arutema47	387	325	Indoor Scene Understanding in 2.5/3D for Autonomous Agents: A Survey https://t.co/bewU21sa75 3D解析手法がわかりやすくまとまっていて有り難い。	2019-09-12 17:51:15
HHHHH_anayo	入閣決定済アレ	136	214	@Byo_Anago なんか本文中でちょいちょい出てるけど多分光経路差のことだと思うんだ  https://t.co/0FXOqAKlsy	2019-09-12 17:18:10
kosugitti	kosugitti	2583	2681	えこーちぇんばー1905.03919.pdf https://t.co/Bj7Kyx5MHw	2019-09-12 16:55:08
astellon_music	Astellon	228	346	本の方が詳しいらしい Deep Learning Techniques for Music Generation -- A Survey (https://t.co/g6ItASYsWb)	2019-09-12 16:46:50
Ronmemo1	Ryosuke_Okubo（技術書展7 く28D）	30	34	ABST100メモ：29 AnoGAN（2017）→https://t.co/bFsXxcFC9i　，異常検知×GAN，網膜の疾患を例にしており医学英語が多い，健康と異常の分布を学習	2019-09-12 14:04:56
astron_tamago	📎★Chie Tsuchiya☆📎	115	164	【研究メモ】 https://t.co/of90NR6cu1	2019-09-12 13:57:43
kazune_lab	Kazune Takahashi	513	34	@DrTanimura 谷村君最近確率論の勉強しているらしいから読んでみればって言ってみるだけ言ってみる： https://t.co/cHzni7laxN 今 2 節以降読んでいる感じだと結構面白いぞ。予備知識は谷村君なら間違いなくカンスト。	2019-09-12 13:32:58
btreetaiji	Taiji Suzuki	3635	147	なお、講演内容は以下の論文にまとめられています。 https://t.co/hdJzK0ASim	2019-09-12 13:13:00
life_wont_wait	Q	2158	57	強い主張を感じる/The ultra-diffuse dwarf galaxies NGC 1052-DF2 and 1052-DF4 are in conflict with standard cosmology https://t.co/B7kEx3F1hY	2019-09-12 13:03:30
tmaehara	™ 🔰	6989	717	著者のアルファベットと引用数の相関を調べた論文（エイプリルフール）https://t.co/eBEjmFxTFq acknowledgment 記載拒否が明確に書いてあって笑った	2019-09-12 12:57:57
asnaronomer	マユコ / Mayuko	615	469	論文ふたつ https://t.co/OGVUYwP7WT https://t.co/GCh8l45QwT	2019-09-12 12:49:19
apissQX70	ドロッセル王国王女万歳	662	472	[1909.02062] DCGANs for Realistic Breast Mass Augmentation in X-ray Mammography  あった。GANでデータ増強 https://t.co/CHAQhyRb0Y	2019-09-12 12:47:24
sumvo_bass	かわぱい	78	137	収束分布が違うのでAdamが信用できない話  https://t.co/6ZdboAkzOX  https://t.co/s3M6IFX98k	2019-09-12 11:59:51
sumvo_bass	かわぱい	78	137	DropOutとBNの併用について  https://t.co/5RUUA49IDA	2019-09-12 11:52:27
sumvo_bass	かわぱい	78	137	音声の調音フィルタ（その人の声帯特徴）を取得するときにはmfccが用いられることが多いが、mfcc取得時の最終段階であるDCTする前のlog_mel_spectrogramが有用なお話  https://t.co/OfZu5KA9ha	2019-09-12 11:51:27
sumvo_bass	かわぱい	78	137	Deep DTとFMについて https://t.co/litv7av9fe  https://t.co/j8h3aCQbA6	2019-09-12 11:47:35
wynpngy125	だてまき	236	204	やはり基本的にはお星さまの回転が遅い方が惑星大気って生き残りやすいのかな https://t.co/h7rv3n73Ld	2019-09-12 11:06:39
quintia	Yamaguchi K.	375	267	RoBERTaというモデル(?)がでてきたんなら次は誰か bararaika を、って思うよなー。 みてる: [1907.11692] RoBERTa: A Robustly Optimized BERT Pretraining Approach https://t.co/9SV8zL6CF5	2019-09-12 10:25:37
ai_scholar	AI-SCHOLAR.	5444	4709	老後の顔をGANで生成する論文 学習時は線画をE2E-CycleGANで学習し、その後個人に特有の特徴量を組み込んで学習させることにより、自分の老後の顔を生成させることが可能 https://t.co/QUgcqwV5jY https://t.co/I4zVgd01LA	2019-09-12 10:18:55
L_H_Sullivan	ふー🐯じん🐳	407	333	Giant pressure-enhancement of multiferroicity in CuBr2 https://t.co/10wtKFtPg9 圧力物性興味深い	2019-09-12 10:10:37
chiki_223	きゆ・黒田さん	87	278	元論文はK2-18bの大気に水を発見というもの。この惑星は地球と同じような気温だが、大きさは2.7倍。 水素/ヘリウムリッチなためハビタブルという報道は的外れだが、観測そのものは惑星の進化などの点から大きな成果だと思う。 Björn Benneke et al. https://t.co/rgBe1hic99 https://t.co/Uwc5ETvMJJ	2019-09-12 07:45:25
ma_key	Kase	68	171	2016年の記事だけど、Google翻訳って8層のLSTMレイヤーを使ってたのね 対応言語も多いからものすごい計算量なんだろうな  https://t.co/mZpVxyQreq	2019-09-12 07:33:11
QFTlover	T duality	259	193	あとで読む。this sounds important MERA+HaPPY  Quantum error correction and entanglement spectrum in tensor networks https://t.co/5ANtYQY8Vo	2019-09-12 06:33:02
sesiru8	セシル☆	890	480	@kyow_QQ 博論… (書いてるのは https://t.co/XWo5dajkL7 をお手本にしています)	2019-09-12 04:30:11
StoryYaoyorozu	京都の神主(末裔)	393	363	もう全部ネタ揃ってるから。 https://t.co/uwBcnpgTIS	2019-09-12 02:23:56
QFTlover	T duality	259	193	これ実はTNやる人にとってはかなり重要なんじゃないか？？  Gauge fixing, canonical forms and optimal truncations in tensor networks with closed loops https://t.co/q5lznHiCH9	2019-09-12 02:08:39
re_hako_moon	はこつき＠VR	164	201	https://t.co/52eofHAjpP 車載LiDAR点群からの物体検出を高速に行う手法PointPollarsを提案。点群を地面上のボクセルで区切り、Stacked Pillarsとしてスライスごとに要素として畳み込み特徴量を計算、地面方向に沿った2D CNN+SSDで物体検出。特徴量計算をまとめることで高速な推論を実現。	2019-09-12 01:30:29
asas_mimi	Masa	1868	1845	知らないこと多くて萎える今日この頃 モデル圧縮もその一つ。蒸発とか量子化とか、超浅い知識程度なので、ちゃんと勉強したい。まずは、最初の一歩として今日はこれ。知らん言葉、論文多すぎワロタ A Survey of Model Compression and Acceleration for Deep Neural Networks https://t.co/WpNqx7IU6L	2019-09-12 01:05:56
ruicc	ruichi	1245	1374	Type variables in patterns が入ったぞ！ https://t.co/bCVhrc7l7k / “HIW 2019で発表された、GHC 8.8で導入された機能 - Haskell-jp” https://t.co/3nVfFZsGnC	2019-09-12 00:32:34
jaguring1	小猫遊りょう（たかにゃし・りょう）	2780	194	画像を入力して、ゲームキャラクターを生成する研究。クオリティがすごい。  Face-to-Parameter Translation for Game Character Auto-Creation https://t.co/NbLe8sh7yX https://t.co/6czdYflI8a	2019-09-12 00:28:46
tatatatatamiya	たみ～たみゅたみゅ	556	1016	高次元データでも有効なPython の異常検知ライブラリDRAMA、気になる。  https://t.co/acoW7AVOaS  https://t.co/0zdqnhfcot	2019-09-12 00:09:04
takapoooooo	Tako	77	224	既出だった。 https://t.co/wy00UQqQE7	2019-09-11 23:53:59
yujitach	🍡	4934	756	論文はこちら。 https://t.co/wgXRmyjeYs 問題は、重力レンズの焦点距離が 600 天文単位ぐらいで、海王星ですら 30 天文単位だから、そこまで人工衛星をどうやって持っていくかということらしい。論文によると既存の技術 + α で不可能ではないというのだが、僕が死ぬまでに画像がみえるかどうか...	2019-09-11 23:39:18
zumechanmokyu	ズメ	1321	1670	@nishinojunji 読んでないので何ページ相当のギャップがあるのかわかんないですけどとても多いと思います。 https://t.co/C7sQiGf7dT	2019-09-11 23:30:49
techmedia_think	Shigeyuki Azuchi	2728	614	TPSを7から70000へ。ペーパーはこれっぽい。 https://t.co/9uyND2B8L0	2019-09-11 23:19:29
StoryYaoyorozu	京都の神主(末裔)	393	363	https://t.co/uwBcnpgTIS これみただけだと、わかりにくいかもしれないけれども、あいつら各国の民間中央銀行まで、握っちゃってるんだからさ…	2019-09-11 22:42:28
kano_suuri	叶 数理＠夏コミ新刊Booth販売中	3230	140	正直に申しますと、動画作る前にテレンス・タオの論文に軽く目を通したいなぁとは思っています https://t.co/BFQpvhrLIA	2019-09-11 22:07:27
QFTlover	T duality	259	193	numericallyではなくanalyticにMERAのテンソルが決まった例  [1602.01166] Entanglement renormalization and wavelets https://t.co/WN2Yceqoey	2019-09-11 21:58:39
techmedia_think	Shigeyuki Azuchi	2728	614	ペーパーはこれっぽい。 https://t.co/ZXvGmqRynX	2019-09-11 21:38:44
Propfeb_Lem18	Sep.	187	350	なんだと！  https://t.co/CSonNXMve6	2019-09-11 21:11:09
kzykmyzw	Kazuyuki Miyazawa	421	361	これか。BMVCオーラル https://t.co/JkZfqJ7oTP https://t.co/biKQLSBmxG	2019-09-11 20:33:13
akihiro_akichan	akihiro_f	147	143	https://t.co/rMPfo8wOHf 転移学習で未知データのクラス数を推定。Deep Embedding Clusteringの拡張。複数のクラスタ数で①②を実験し、その平均をラベルなしデータのクラス数とする。①(labeled)train＋unlabelにK-meansを適用してvalidをうまく分類できるクラスタ数②クラスタ評価指標(CVI)が最良 https://t.co/IjTyC6BPC8	2019-09-11 20:18:45
ChagallBlau	hiromichi kamata	634	670	私が書いた記事が投稿されました！ 今流行りのNASをGANに用いて、モデルアーキテクチャから全て決定させようという論文です https://t.co/7SS9dUOtnD https://t.co/bxFrboiypF	2019-09-11 20:02:32
m3yrin	メイラン	174	238	NLPは課金ゲー。(Sotaを叩き出す)トップスコアラーはほぼみんな課金してる。(CO2排出的な意味で)社会問題になると言われてる。 https://t.co/Ovm6rGZw2G	2019-09-11 19:40:14
masahiro_sakai	Masahiro Sakai	1821	1350	The DPRM theorem in Isabelle. ~ J. Bayer et als. https://t.co/vW0PQSifSO そういえば A Lean formalization of Matiyasevič's Theorem https://t.co/8lKwZx0nQG というのもあった。 https://t.co/hZ25fGLsbg	2019-09-11 19:12:14
calups_aiw	CanisLupus	38	41	"強化学習に自信勢に聞きたいんですけど、""Simple random search provides a competitive approach to reinforcement learning"". https://t.co/FVaof7BOgr ってすごい手法なんですかね？"	2019-09-11 19:10:57
SA_debate	SA	117	125	この論文読んでファーーーーー！！！ってなってる https://t.co/BnO5oMod6V	2019-09-11 18:56:49
ssky_ryo	ぱんだ＠六本木人工知能芸人	728	784	Imge2Imageでここまで仕上げられるんだから立派よな． https://t.co/OUk9iVPm8l	2019-09-11 18:41:08
techmedia_think	Shigeyuki Azuchi	2728	614	2016年に発表されたZero-Collateral Lotteries in Bitcoin and Ethereum。 https://t.co/gfw6wfLftZ	2019-09-11 18:16:39
kz311	kz	300	231	似た技術が結構あってわからないなhttps://t.co/cR7JZQN4ru とか  複雑な構造のCNNでも演算量を80％削減、認識精度の劣化も約1％に抑える https://t.co/DUX9cXsDJv	2019-09-11 18:05:38
TransTerraScape	TTS	534	680	@MASA_06R 偏光特性でみるとF型小惑星にも分類できて、枯渇彗星核に似ているとのこと。色々な特性が見えるので型が特定できないのでしょうかね。  Unusual polarimetric properties of (101955) Bennu: similarities with F-class asteroids and cometary bodies https://t.co/LrRau3kUMc	2019-09-11 17:48:13
sarugami_univ	三角関数ちゃそ	1902	1	アーカイブ。正直僕は何が何だかわかりません！ https://t.co/WIbFsNxyqx	2019-09-11 17:45:48
marx_saul	ジオッコ・ピアノ	1179	769	https://t.co/NzbSl8D3tC  タオ以前の結果だが、どんな手法使ったら log 3 / log 4 とかいう数字が出るんだマジで	2019-09-11 17:44:51
ssky_ryo	ぱんだ＠六本木人工知能芸人	728	784	この研究DFAUSTつかってるけど，あのデータセットって商用では使えないんだよね？ただの企業内研究の評価用ならいいのか？ https://t.co/OUk9iVPm8l	2019-09-11 17:42:15
katsuhitosudoh	Katsuhito Sudoh (ja)	1458	605	中国語の事前学習済み言語モデル https://t.co/HNcpsnGdEU	2019-09-11 16:06:21
tyamada1093	Tomohiro Yamada@7/7数学カフェ関西／8/3友の会	356	187	Collatz予想が大きく解決に近付いた！？ https://t.co/osoPDCeAq3	2019-09-11 15:42:53
kaetan3257	かえたん@フラナイツ	70	61	rnn enhanced transformerがなかなか使えるかもしれん モデルはバカでかいけど、出てくる出力とか学習回数とか考えると自分的には結構印象良い https://t.co/dLA2xIr2YS	2019-09-11 15:42:30
Kurahashi16	Taishi Kurahashi	212	44	こんな中ですが，新しい論文が arXiv にて公開されました． 千葉大学の大川君との共著です． On Guaspari's problem about partially conservative sentences https://t.co/3s7WaP5tG4  プレプリントは ResearchGate にもあります． https://t.co/pWk6UsB7Oo	2019-09-11 14:58:02
QFTlover	T duality	259	193	時間があったら目を通す  [1005.3035] Building up spacetime with quantum entanglement https://t.co/eHzRM73a2C	2019-09-11 14:57:34
omusubi_phys	おむすび	170	210	BHをホストに持つX線連星であるMAXI J1820+070からの高エネルギーX線の観測を受け，これをガンマ線と可視光で多波長観測を行った．観測結果から，可視の発生源はジェットであること，X線とガンマ線の発生には明確な関係がないことが示唆された． https://t.co/OKbouDRwV1 #おむすびが論文紹介するだけ	2019-09-11 14:40:56
icoxfog417	piqcy	9428	128	論文のような長い文書を要約する手法の提案。この論文の要約自体が提案手法で書かれているという小洒落た構成。抽出型要約と事前学習済み言語モデルを組み合わせており、言語モデル学習時に本文=&gt;要約(Abstract)の順に並べることで生成かつ要約を学習させたとしている  https://t.co/vCZ2sYGZMA	2019-09-11 14:28:13
Ronmemo1	Ryosuke_Okubo（技術書展7 く28D）	30	34	ABST100メモ：27 StarGAN（2017）→https://t.co/e1pRFJFFsD　，「Such a unified model architecture of StarGAN allows simultaneous training of multiple datasets with different domains within a single network.」多対多の問題に対応できる，モデルのイラストが面白い	2019-09-11 14:07:06
Ronmemo1	Ryosuke_Okubo（技術書展7 く28D）	30	34	ABST100メモ：26 CycleGAN（2017）→https://t.co/3v7Jx5GRWc　，これ結構概要を押さえるの苦戦するかもと直感した，mappingは日本語だと写像？訳さなくていい気も，見た感じpix2pixに対して「じゃあペア画像なかったら？」という問題意識かな	2019-09-11 13:44:52
life_wont_wait	Q	2158	57	AICを主張しているのか？/SN2018kzr: a rapidly declining transient from the destruction of a white dwarf https://t.co/WtgpKXueli	2019-09-11 13:42:52
jnishi	Jiro Nishitoba	832	294	話題になってる要約の論文、abstractを自らの手法で生成してるの面白いし、著者順をcoin flipで決めたとあって茶目っ気がありすぎる。https://t.co/xvqXCIUFk9	2019-09-11 13:33:41
life_wont_wait	Q	2158	57	面白そうな結果が出ているかもしれない/The Overarching Framework of Core-Collapse Supernova Explosions as Revealed by 3D Fornax Simulations https://t.co/3fDhSyTxul	2019-09-11 12:58:43
crhamham	はむ	357	380	あとで読むがてらシェア https://t.co/5hu27D0jAj https://t.co/Tjjc5YVlTR	2019-09-11 12:52:08
tjmlab	部品(本田翼）	2477	322	Evidence for an axionic charge density wave in the Weyl semimetal (TaSe4)2I  なるほど、電荷密度波ワイル半金属、ﾌｪﾙｻﾞｰgroupが以前に輸送現象で観測してるのね  https://t.co/GgwiMBJ33L	2019-09-11 12:22:05
ZFPhalanx	phalanx	1627	422	Squeeze-and-Attention Networks for Semantic Segmentation https://t.co/v6qM2ury9u この内容でscseに一切触れてないのはどうなのか。	2019-09-11 11:25:32
phys27_	うわばき	175	134	"[1812.10732] Introduction to the ""second quantization"" formalism for non-relativistic quantum mechanics: A possible substitution for Sections 6.7 and 6.8 of Feynman's ""Statistical Mechanics""  これわかりやすくて感動してる  https://t.co/SjFAP70uVg"	2019-09-11 11:09:46
hf149	Hironobu Fujiyoshi	2659	597	MIRU2019で発表したMPRG南くんの研究成果である深層共同学習のための知識転移グラフのarXivが公開されました。知識転移グラフ表現を用いて探索した結果、Knowledge DistillationとDeep Mutual Learningを内包する知識転移グラフの構造を獲得しました。https://t.co/HICYrIvz3p	2019-09-11 11:07:08
tjmlab	部品(本田翼）	2477	322	Electronic structures and topological properties in nickelates Lnn+1NinO2n+2  ニッケル酸化物の理論、盛んやね(ง ˙˘˙ )ว  https://t.co/9W5QF0DSCN	2019-09-11 10:56:23
tjmlab	部品(本田翼）	2477	322	Signature of the chiral anomaly in the Weyl semimetal TaAs from ultrasound velocity measurements  超音波によるワイル半金属のカイラル異常の観測すごい(ㆁᴗㆁ✿)  https://t.co/cZSS7LS1s7	2019-09-11 10:45:07
tjmlab	部品(本田翼）	2477	322	A Charge-Density-Wave Weyl Semimetal  ﾌｪﾙｻﾞｰgroupによる電荷密度波ワイル半金属の発見(ﾟ∀ﾟ)ｷﾀｺﾚ!!  https://t.co/Emh2CpgtUq	2019-09-11 10:43:00
StoryYaoyorozu	京都の神主(末裔)	393	363	しかも、もうここまでいってるんだよ！？ https://t.co/uwBcnpgTIS	2019-09-11 10:40:39
tjmlab	部品(本田翼）	2477	322	Real-space imaging of confined magnetic skyrmion tubes  スキルミオンチューブの実空間観測に成功(´・∀・｀)ﾍｰ  https://t.co/cBtFZyKSss	2019-09-11 10:38:36
tjmlab	部品(本田翼）	2477	322	PrBi, a semimetal where topology meets quadrupolar degrees of freedom  トポロジカルと多極子の出会い…トポは出会い厨か？  https://t.co/lRfK7TmBwp	2019-09-11 10:36:22
tjmlab	部品(本田翼）	2477	322	Vortices in a Monopole Superconducting Weyl Semi-metal  ワイル半金属のモノポール超伝導の予言、これもうわかんねぇな  https://t.co/qnPUJVSgCl	2019-09-11 10:33:43
hidekikawahara	Hideki Kawahara	958	73	arXiV のadmin note で text overlap と書かれて一瞬驚いたけれど、昨年のInterspeechのarXiVへのリンクだったので安心した。以下が、arXiVのHelp pageでの説明。利用者への親切機能でした。  https://t.co/L8Zd9nm45H	2019-09-11 10:22:14
tSato_as	T. Sato	133	161	紫が Ye ~ 0.45、黄色が ~ 0.5、赤が ~ 0.55。Ye の非対称性見えて綺麗 https://t.co/elKbuJ0gYX https://t.co/AR0IFsBHt1	2019-09-11 10:17:02
ryozo18	ryozo18	978	686	「長文の要約をするモデル」の論文のabstractが実際にその論文で提示されたモデルで作成された、と | [1909.03186] On Extractive and Abstractive Neural Document Summarization with Transformer Language Models https://t.co/4Hns3jdJgU	2019-09-11 10:13:03
hillbig	Daisuke Okanohara	16495	253	いよいよ要約生成の論文の要約が提案手法で書かれる時代が来た。重要文をPointerNetworkで抜き出した後、導入、重要文、要約、本文の順に並べた文書生成を自己注意機構ベース言語モデルで学習。推論時は導入、重要文で条件付して要約を生成する。https://t.co/BzQFcPMZdc	2019-09-11 09:45:25
mhiroaki_	Hiroaki Mikami	212	191	program synthesisはsyntaxだけ見てたら探索空間爆広すぎて詰むでしょというのは自分の直感とも合うのだが、DSLでsyntax制限せずにidiom miningで抑えるという手もあるのか https://t.co/OWASHqMx1U	2019-09-11 09:22:57
twmaks	S. Makita @ 次は ICCAS 2019	781	601	"""The abstract above was not written by the authors, it is generated by one of the models presented in this paper"" https://t.co/pnFwo1EbJG まじで強い…"	2019-09-11 09:12:08
hillbig	Daisuke Okanohara	16495	253	3層の総結合層とReLUからなるNNは任意のN個の訓練データを幅が2N^{1/2}さえあれば全て丸暗記できる表現力を持ち、100万個、1000クラスからなるImageNetも4層、幅が2k~4kあれば丸暗記できる。これらの解は初期値が近ければSGDを使って高速に見つけることができる https://t.co/420UynMKb0	2019-09-11 07:59:54
fudoumyousan	宮島	199	161	(Google DeepMind) https://t.co/CJzMieRXO2 他者の心を類推し、理解する能力についての「心の理論」に基づいた振る舞いが出来るようなモデルを深層強化学習で実現．	2019-09-11 07:51:38
hackernewsj	Hacker News記事題日本語翻訳	690	4	トランスフォーマー言語モデルによる抽出的および抽象的要約について https://t.co/wKxst1I4XJ	2019-09-11 06:08:41
nemoto_takahiro	根本孝裕	219	65	新しい論文です : Dissipation controls transport and phase transitions in active fluids: Mobility, diffusion and biased ensembles https://t.co/4ge5Vy7450	2019-09-11 01:58:10
miyamo765	miyamo	593	723	Panoptic Studioで既存研究ぶん殴りに来てて規模感の違いに笑うしかない https://t.co/jvEcKaboPh	2019-09-11 01:50:57
b4q96saky	Teddy_Glass	95	152	arXivはオープンアクセスで人工知能系の研究が掲載されているから最新の情報収集に便利。でもそもそもジャーナルではないので査読とかないのがネック。気になったトピックはジャーナル化されてるかどうか気をつけなければ。https://t.co/xiTz3yH5M7	2019-09-11 00:55:42
yoshinokiyoto	しろくま@bot@数学愛好家@フリーター@生活が面倒	140	207	ほんとだ・・・読みたい気持ちに時間と能力が追い付かない。 https://t.co/K66bZ2uzrL https://t.co/l91R0PPJtp	2019-09-11 00:30:04
Kory__3	Kory@グラフ理論わからん	2252	978	なう　ぶらうじんぐ…: [1909.03562] Almost all orbits of the Collatz map attain almost bounded values: https://t.co/Ke2ARZJh2j	2019-09-11 00:17:09
Collatz3_10_5	Collatz	251	495	え？え？？？  Collatzの数列解けたの？ ん？、ちゃんと読みたいよ  https://t.co/tbzFKRNbPB	2019-09-10 23:52:55
hrsma2i	ヒ◾️シです。	181	388	StyleTransferを応用した画像検索の特徴量を提案。各layer内のfeature map間のグラム行列をflattenしたベクトルを特徴量としている。ImageNet ResNet より、模様などをより詳細に捕らえられているように見える。 https://t.co/mWM2WzqpKG https://t.co/ZThulH3E5E	2019-09-10 23:29:36
fudoumyousan	宮島	199	161	言語理解や推論や常識・知識がないと解けないと想定されてきた中学2年生レベルの科学の試験で、モデル「ARISTO」がスコア90％を超え、余裕をもって合格水準に達した。高校3年生レベルの問題では80％越え https://t.co/aZMzsPq4wL	2019-09-10 22:51:39
nymwa	nymwa /ny˧mʷa˥/	676	706	とある論文(https://t.co/KQmTuX8jA4)を読んだ所，言語モデルの入力層と出力層のパラメータを共通にできることを知り，そこの変更を加え再学習をしていたらブレーカーが落ちたという話	2019-09-10 22:49:08
mono_dukuri_no	松谷茂樹∩先進数理解析	1207	1075	"３年かかった論文、 ""The sigma function over a family of cyclic trigonal curves with a singular fiber""がarXivで公開されました。 非超楕円曲線の種数３の曲線の退化でのσ関数の振る舞いを具体的に書き下した渾身の作です。小平の楕円退化IVの高種数版でもあります https://t.co/GOqZTbeg3Y"	2019-09-10 22:20:31
kzykmyzw	Kazuyuki Miyazawa	421	361	一方Amazonは…  [1909.00883] FACSIMILE: Fast and Accurate Scans From an Image in Less Than a Second https://t.co/9koIaOJHIL	2019-09-10 21:59:22
YohsukeW	Yohsuke Watanabe	5167	76	テレンスタオ氏が先日アーカイブに投稿した論文。また数学の歴史が一歩前に進みました。 https://t.co/NhW9NWByIs	2019-09-10 21:44:20
re_hako_moon	はこつき＠VR	164	201	https://t.co/FKQam3SVCT Mesh CNN（この論文ではMeshをグラフとみなしたときのGCN）を用いて単眼カメラ画像から手のメッシュ＋カメラとの相対姿勢を推定する。手のメッシュの変形をあらかじめオートエンコーダーで学習しておき、デコーダーを固定して画像から2D CNNを入力してメッシュを出力。	2019-09-10 21:43:50
shinya7y	Yosuke Shinya	1438	578	"arXivに投稿しました！ https://t.co/T0bmrmhQun ""内部アーキテクチャ""に基づく分析とチャンネル数自動決定により、物体検出CNNの事前学習効果を明らかにし、通常のResNetより効率的なbackboneを見つける。 ImageNet事前学習に効果が無いのではなく、現状のアーキテクチャや知識転移方法に問題がある。 https://t.co/KxY0HTQrvj"	2019-09-10 21:25:08
taiga0119choco	ひまわり ぱすこ	468	496	草 https://t.co/xRZPhWzxT5	2019-09-10 19:36:11
tjmlab	部品(本田翼）	2477	322	Training Deep Neural Networks by optimizing over nonlocal paths in hyperparameter space  ハイパーパラメータ空間の非局所経路を使うと深層学習が上手くいくという提案(・ε・｀ )？   https://t.co/qJodHRQj3S	2019-09-10 18:24:26
tjmlab	部品(本田翼）	2477	322	One-step replica-symmetry-breaking phase below the de Almeida-Thouless line in low-dimensional spin glasses  スピングラスのド・アルメイダｰサウレス線、そういうのもあるのか  https://t.co/09yqHt7elF	2019-09-10 18:23:06
esXFdfOJxiGBFLx	人工知能 Deep Learning AI image medical machine learni	1145	2880	大規模な医療データ間での ドメインシフトの影響を評価する論文を読むと医療データはドメインの影響を受けやすいかもしれませんね。 データ数が大規模なものですら、けっこう分布に偏りが存在するので、少数データではけっこう話にならないかもしれない。 https://t.co/HXyNDH44Ej	2019-09-10 18:17:45
dempacat	電波猫	3217	883	この論文、ちゃんと読めてないんですが。64x64の線形方程式を求めるのに、128個のパラメータを(Nelder-Mead法か何かで)調整してるって言ってます? / [1909.03898] Variational algorithms for linear algebra https://t.co/XA1NLct2kf	2019-09-10 16:05:56
kenjikun__	Kenji Kubo	1279	622	https://t.co/u67KwQdNIA これと考え方が結構似ている気がする，こっちは物理系に対してHamiltonianを持ち出してきてるので，物理的ではない一般の行列に対しても固有値方程式定義できれば実行できるなーとか考えてたけどまさにそれっぽい．両方Benjamin Group	2019-09-10 15:45:47
VG_JPN	やお	73	218	時空間移動できる可能性あるワームホールの作成方法() https://t.co/bWAPlssRCB	2019-09-10 15:44:41
kenjikun__	Kenji Kubo	1279	622	ベクトルに対する行列積がある固有値方程式の最小固有状態に対応することを利用してVQEによって行列積を実現した．逆行列の演算に対しても同様に求められるので線型方程式系を解くことも可能．最小固有値は常に0になるので得られた解を検証することもできる． https://t.co/yl8bDHOmJZ	2019-09-10 15:41:03
AI_m_lab	人工知能,機械学習関係ニュース研究所	18643	5445	ご参考までに ▼[1908.11348] Survey and Benchmarking of Machine Learning Accelerators https://t.co/QMKqtQFUlH #機械学習	2019-09-10 14:57:04
kvanadies	Kenji MISHIMA	182	269	Happy Birthday, Ultra-Cold Neutron! https://t.co/Y2UCC85w0D 超冷中性子(UCN)が作られるようになってから50周年。  中性子の地球重力による量子束縛状態がn=1だと1.4 peV、周波数にして340Hzに相当するので、それで楽譜が書ける。ファの音はn=3-&gt;5の遷移に相当するぞ！	2019-09-10 14:31:30
kenjikun__	Kenji Kubo	1279	622	https://t.co/yl8bDHOmJZ なんか出てたぞ	2019-09-10 14:27:30
omusubi_phys	おむすび	170	210	3D-GRRMHD計算の結果，BH降着円盤の新たな解を発見した．この解では，円盤からの降着ではなく円盤を挟む幾何学的に厚い領域からの降着が支配的であることがわかった．また降着率が同じなら，幾何学的に薄い円盤より暗くなることがわかった．https://t.co/NqQNhdfHeD #おむすびが論文紹介するだけ	2019-09-10 14:02:36
Kenji_Sugisaki	杉﨑 研司 (Kenji Sugisaki)	494	130	Measurement on quantum devices with applications to time-dependent density functional theory https://t.co/NHnx6wILnL あとで読む	2019-09-10 13:41:45
fudoumyousan	宮島	199	161	機械翻訳コンペであるWMT19において優勝したFAIRのシステムは（ニ人による評価で人による翻訳を大きく上回った。近年順調に翻訳の精度向上が進む中でいよいよ人の翻訳を超えた https://t.co/v83LHvh1LW	2019-09-10 13:21:37
takasan_san_san	Kazuaki Takasan / 高三 和晃	1656	2032	@fit_the_battle ありがとうございます！そう言っていただけると嬉しいです。 今回発表する話は半分は論文になってますので https://t.co/Fi8vTXNoQI から是非ご覧ください。他の話もご興味持っていただけるかと思います。ご質問ご意見などあればいつでも歓迎です。	2019-09-10 13:06:39
tjmlab	部品(本田翼）	2477	322	Formation of 2D single-component correlated electron system and band engineering in the nickelate superconductor NdNiO2  Art研もニッケル酸化物超伝導理論に参入か、速いですね(ㆁᴗㆁ✿)  https://t.co/cdT4yl9nix	2019-09-10 12:54:12
tmaehara	™ 🔰	6989	717	高速グラフフーリエ変換 https://t.co/KUcuUxtjES を知らなかった．全然高速じゃないけど，固有値分解を求める必要がない．これを使うべきだわ……．	2019-09-10 12:14:53
takashy57	Takashi Iida	208	123	カムランド実験とGERDA実験の最新結果。ニュートリノ質量で比べるとほぼ同じ位？ここからエネルギー分解能が重要になってくるから半導体有利だろうな。そろそろどっか二重ベータ見つけてください(´・ω・｀)  https://t.co/NXXlqXocn1 カムランド  https://t.co/Hu8qlqbL1v GERDA	2019-09-10 12:14:50
shunk031	しゅんけー	1851	690	GradCAM++が出てたのは知ってたけど、今度はSmoothGradとの組合せが出てきた / [1908.01224] Smooth Grad-CAM++: An Enhanced Inference Level Visualization Technique for Deep Convolutional Neural Network Models https://t.co/JdRuUqnmtd	2019-09-10 11:35:30
ZettaiVITP	白石 清	249	159	ひとで https://t.co/SUyXIaXlJa	2019-09-10 11:19:13
Ronmemo1	Ryosuke_Okubo（技術書展7 く28D）	30	34	ABST100メモ：24 pix2pixHD（2017）→https://t.co/HS7psaeKgs　，pix2pixの改良版で2つの追加機能「First, we incorporate object instance segmentation information」「Second, we propose a method to generate diverse results given the same input,~」	2019-09-10 09:56:20
icoxfog417	piqcy	9428	128	誤字脱字に強い分散表現の提案。fastTextをベースにして、ミススペルの単語と本物の単語の分散表現を近づけるLossの項を導入している。  https://t.co/flJfVDnYNd	2019-09-10 09:53:03
Vengineer	Hatenaブログに移行したよ	1758	65	抑えておかなければいけない AI Benchmark https://t.co/13WxlGZQEB https://t.co/yDG7SWLTEt  現在のトップスコアは、Kirin 990 5G搭載のHuawei Dev Phone Honor 20S (Kirin 810)の倍以上 Kirin 810は、Qualcomm 855よりスコアがいい Kirin 990がKirin 810の倍以上なのはNPUの数が倍の2個になったから	2019-09-10 09:46:41
icoxfog417	piqcy	9428	128	強化学習において、なぜFunction Approximationで低い割引率を使うとパフォーマンスが出ないのかを分析した研究。低割引率が最適/二番目の行動確率の差を小さくするからと考えられていたが、状態ごとにスケールが大きく異なるようになるからではないかと示唆している。  https://t.co/HEQj63G6YU	2019-09-10 09:42:22
Ronmemo1	Ryosuke_Okubo（技術書展7 く28D）	30	34	ABST100メモ：23 pix2pix（2016）→https://t.co/QOjEnspYU8　（もうやったけど改めて），ようはcGANでimage-to-image translation problemsをやろうという話，「we no longer hand-engineer our mapping functions」いいね（？）	2019-09-10 09:35:02
cloez_uya	a-ya@	513	843	https://t.co/gsB1djZqED やっぱりこの論文イカれすぎて頭ハッピーになってたのしい	2019-09-10 08:20:32
hillbig	Daisuke Okanohara	16495	253	Universal TransformerやTrellis Networkで同じ層を重ねた計算は、系列全体を入力とする非線形システムの均衡状態を得る変換とみなせ、層を明示的に展開せず準ニュートン法で効率的に順/勾配を計算可能。同じ性能でメモリ使用量を1/10近くに抑えられる https://t.co/7N23mlozcc	2019-09-10 07:51:37
mhiroaki_	Hiroaki Mikami	212	191	ディプロマシー無書簡卓だ（ついに出たか） https://t.co/ipAUncMbf9	2019-09-10 07:44:20
StoryYaoyorozu	京都の神主(末裔)	393	363	"まずはここにある上位700を、""黒魔術禁止令""で捕まえることだ。 https://t.co/uwBcnpgTIS"	2019-09-10 06:06:10
Dalwhinnie15	"Dalwhinnie 15Y Ol""D"" Whisky"	308	299	https://t.co/hvgURTUhza 草草	2019-09-10 03:15:23
asam9891	Masa.I	496	129	[1903.12650] Yet Another Accelerated SGD: ResNet-50 Training on ImageNet in 74.7 seconds いつのまにか富士通がImageNet 74.7 秒でクリアしてた https://t.co/URDwObgGCz	2019-09-10 01:06:53
apissQX70	ドロッセル王国王女万歳	662	472	Additive function approximation in the brain. (arXiv:1909.02603v1 [https://t.co/oZsWhk50MA]) https://t.co/CNqRj2lphU  詳しくないけどスパースネットワークについての論文ぽい。脳みそやってる人どうぞ	2019-09-10 00:35:39
tawatawara	俵	1029	1244	釈迦に説法感が半端ないうえにもはや古典(※2017年)ですが、勉強のためにMask R-CNN ( https://t.co/3Khwo8cG75 ) を読ませて頂きます。よろしくお願いします。 https://t.co/w4YYQAgODX #LPIXEL	2019-09-10 00:30:27
shion_honda	Shion Honda	1432	257	Normalizing Flows: Introduction and Ideas [Kobyzev+, 2019] GANやVAEと異なり対数尤度を直接最大化する深層生成モデルであるNormalizing Flowのサーベイ。カップリング、自己回帰、残差、ODEなどに分けて最新手法までを扱う。現在のSOTAはFlow++。 https://t.co/KxP6UkuLt7 #NowReading https://t.co/28EvzTsl2I	2019-09-10 00:04:20
seiji_zenitani	SZ	214	70	プラズマ粒子 (PIC) シミュレーションの数値解法論文が受理されました。誤差が出やすい部分で短い時間ステップを使って (= subcycling)、全体の精度を上げています。チェビシェフ級数を使ってsubcycling部の計算を１回で済ませ、計算コストを下げるところがポイントです。 https://t.co/58SOUnvGn3	2019-09-09 23:39:13
re_hako_moon	はこつき＠VR	164	201	https://t.co/BghW1b6XK0 CVPR2019 Workshop on Autonomous DrivingのnuScenes 3D Detectionで優勝した手法。物体クラスの出現頻度をバランスするようデータセットからのサンプリングを工夫。ボクセルグリッドで区切りSubmaniforld Sparse 3D Conv、Region Proposal Networkで物体検出。	2019-09-09 22:29:21
StoryYaoyorozu	京都の神主(末裔)	393	363	"まずはこいつら捕まえられるだけ、捕まえることだ。""黒魔術禁止令""で。大体、計算方法からしておかしいんだよ… https://t.co/uwBcnpgTIS"	2019-09-09 22:02:33
hattan0523	Ryosuke Hata	593	482	ちょっと古いけど読む。 https://t.co/lBI3isQjrr	2019-09-09 21:11:39
syuntoku14	しゅんとく	638	709	@fujifog p.s. あとこれも何か面白そうだったけど読んで無かったやつ https://t.co/RzkGeL0nwO	2019-09-09 19:47:30
syuntoku14	しゅんとく	638	709	@fujifog これ https://t.co/9a2HvdRfCa	2019-09-09 19:43:01
asonosakan	阿蘇の史（さかん）	1308	366	@yoriyuki 気になりますね．内容的にはこのような話でしょうか．https://t.co/p9wx7AYu7J	2019-09-09 19:25:01
kvanadies	Kenji MISHIMA	182	269	Comprehensive geoneutrino analysis with Borexino https://t.co/3X7NJw5t8b 地熱の大半は核崩壊が担っていると考えられているが、ニュートリノを使うことでその検証ができる。	2019-09-09 18:40:01
hayashiyus	Yusuke HAYASHI 林 祐輔	3560	585	VAE についての頭のなかのイメージを，そのままグラフィカルモデルにすると，こんな感じになる．  https://t.co/pEvhobN9vK https://t.co/hwKD0zIeaJ	2019-09-09 18:34:23
ygumaan	うま～ん	69	91	これ各隠れ状態をプロポーザルとして取ってくるの？ DAPsは最終状態だけ取ってくるのかと思ってたけど  https://t.co/iTRsUaV5ib https://t.co/01ENZcAw52	2019-09-09 16:42:12
RyoAkashi	あかし　りょうすけ	273	190	12pK35-8 研究室ポスドクのYuriさんの仕事です。ポスト京研究開発活動の一環として、ポテンシャル超曲面における既知のlocal minimumからバリアの低い未知のlocal minimumを探索するシミュレーション手法を開発したのでその紹介です。(ref. https://t.co/DzAiSkWLdi; https://t.co/VHStoY0f6r)	2019-09-09 16:16:34
RyoAkashi	あかし　りょうすけ	273	190	JPSでは以下2件の発表をします。  10日午前 10aB11-10 圧力下で硫化水素が高い超伝導転移温度を示す原因としてFermi levelに謎の電子状態密度のピークが存在することが挙げられます。この状態密度の集中を引き起こす原因について出来るだけ簡単な説明を試みます。(ref: https://t.co/D5XRigihDS)	2019-09-09 16:04:52
StoryYaoyorozu	京都の神主(末裔)	393	363	ビルダーバーグまで含めて、こっちは確実に崩壊するから。https://t.co/uwBcnpgTIS	2019-09-09 15:53:40
hiro_taji1234	ALFALFA	97	49	我々の結果は、保存量の揺らぎのうち、ユニタリゲートの実装に必要なのは量子重ね合わせに起因する部分（量子コヒーレンス）だけであることも示していました。そこで、「量子コヒーレンスがどれだけあれば必要にして十分か」を漸近等式の形で求めたのが、https://t.co/hCzhJ1EqW4です。	2019-09-09 15:18:02
hiro_taji1234	ALFALFA	97	49	今回の結果においては、量子測定におけるコヒーレンスコストの下界・上界を評価する必要があります。下界の導出には本論文で導入した情報幾何によるKennard-Robertson不確定性関係の改善が、上界の導出にはhttps://t.co/hCzhJ1EqW4において開発したユニタリ実装法が重要な役割を果たしています。	2019-09-09 14:36:41
hiro_taji1234	ALFALFA	97	49	論文を発表しました： https://t.co/HH2ck8nOdV 保存則の元で量子測定を行うために必要なコヒーレンスの量を、漸近等式の形で求めました。保存則と測定の関係として有名なWigner-Araki-Yanase-Ozawaの定理を改善し、さらに最適性を証明したことに対応しています。電通大の長岡さんとの共著論文です。	2019-09-09 14:35:28
icoxfog417	piqcy	9428	128	自然言語によるナビゲーションタスクの評価を見直す提案。既存のデータセットでは最短経路を指示するものが多く、言語指示に従っているかあいまいだった。そこで既存データセット内の経路をつないで長い系列を作成し、系列のカバレッジで評価することを提案。  https://t.co/iryYcfEKOV	2019-09-09 14:28:52
QFTlover	T duality	259	193	面白そう  [1902.06845] Quantum tasks in holography https://t.co/ceJGDo93tr	2019-09-09 14:17:35
QFTlover	T duality	259	193	お、似たようなアイデアかも。見て見る価値あり。4章  [1611.06220] Tensor networks for dynamic spacetimes https://t.co/ySkhsDuaDB	2019-09-09 14:16:15
hayashiyus	Yusuke HAYASHI 林 祐輔	3560	585	VAE といえば，実線と破線で構成されたグラフィカルモデルを使って説明されることが多いけど，モデルの開発者らによる解説論文を読むと，もう少し丁寧に，エンコーダーが作る同時分布 q(x, z) とデコーダーが作る同時分布 p(x, z) を近づける学習を行っていると書かれている  https://t.co/pEvhobN9vK https://t.co/Sa9XznLcGP	2019-09-09 13:53:18
life_wont_wait	Q	2158	57	やはり彼はこういう仕事をしているのが似合う/Radioactive heating rate of r-process elements and macronova light curve https://t.co/J5BNHTUWQ9	2019-09-09 13:26:35
masashiotani	マサシ	94	107	抜かれない内に800の結果が出てくるか...!? https://t.co/bCDl0E4zg4	2019-09-09 13:13:52
Ronmemo1	Ryosuke_Okubo（技術書展7 く28D）	30	34	ABST100メモ：21 ConditionalGAN（2014）→https://t.co/EPJSGXELba　，比較的短いABST，データyによりGとDを条件付ける	2019-09-09 12:48:52
HiroyukiChihara	Hiroyuki Chihara	174	29	これは最近 arXiv に出たある方々のサーベイ論文ですが、フーリエ積分作用素の応用の論文と言ってよいと思います。こういう幾何学みたいな作用素環論みたいな分野は遠い世界だと思っていましたが、最近の修行のおかげでお勉強するだけなら何とか私でもできそうです。 https://t.co/KHrIR8FQ4P	2019-09-09 11:12:54
taku555drums	たく⌒(ё)⌒	138	131	同期の論文も出てた https://t.co/B5ON7kNzug	2019-09-09 10:49:14
oct_path	TakuyaT	173	161	7月の記録を見返すと，Earth Mover's Distanceとか左側を1埋めするCEとかも試したけど変わらず．EMDは少し面白かった．https://t.co/lsSMoXC442 Ordinal Regressionも試したけどあんま変わらず．変わらずっていうのは，アンサンブルにも特別には寄与しなかった．	2019-09-09 10:45:01
ysuwa	Yudai Suwa / 諏訪雄大	720	187	今日は京産大で履修相談会に出てから、富山に移動。#TAUP2019 に参加。明日の午後、https://t.co/G0cl88KyzX についての講演を行います。	2019-09-09 10:22:58
Maxwell_110	HoxoMaxwell!	2408	290	あと、ordinal regression は discussion で知り、実験速度が早く、後半、時間が余り気味の tereka 氏に検討をお願いさせていただきました。流石の CVer。すぐに良いモデルを作ってくださいました（追検討で私が作成したのは駄目）。今回の中で技術的に一番面白かったです。  https://t.co/2DDJV4iD8R	2019-09-09 10:22:31
Naka_m	nakam	413	451	明日からの物理学会では、「散逸下のHubbard模型における負温度量子磁性」というタイトルで、非弾性散乱による散逸のあるHubbard模型の磁性について話します（論文 https://t.co/2Rqv91PUCX ）。「非エルミートハミルトニアンによるダイナミクスを実験でどう観測するのか」という疑問にも答えます。	2019-09-09 10:14:49
tjmlab	部品(本田翼）	2477	322	Common and not so common high-energy theory methods for condensed matter physics https://t.co/bwg76mxE8M  高エネルギー物理と固体物性の共通点と注意点(｡･ω･))ﾌﾑﾌﾑ	2019-09-09 10:02:00
tjmlab	部品(本田翼）	2477	322	A key role of correlation effects in the Lifshitz transition in Sr2RuO4 https://t.co/hQzHzvrbEk  ルテネイト、理論予想より小さい歪でリフシッツ転移が起きてしまう問題、そういうのもあるのか(*･∀･*)ﾍｰ	2019-09-09 09:57:43
tjmlab	部品(本田翼）	2477	322	"Archetypical ""push the band critical point"" mechanism for peaking of the density of states in three-dimensional crystals: Theory and case study of cubic H3S https://t.co/ysyinCK7yu  おしゃれタイトルだ"	2019-09-09 09:50:35
tjmlab	部品(本田翼）	2477	322	Robust dx2−y2-wave superconductivity of infinite-layer nickelates https://t.co/ViolMwcE1I  ニッケル酸化物SCの理論か(*･∀･*)ﾍｰ	2019-09-09 09:48:30
tjmlab	部品(本田翼）	2477	322	Electronic structure of the parent compound of superconducting infinite-layer nickelates https://t.co/RACt7Q5V1E  ニッケル酸化物超伝導母物質の光電子分光(ﾟ∀ﾟ)ｷﾀｺﾚ	2019-09-09 09:45:20
Ronmemo1	Ryosuke_Okubo（技術書展7 く28D）	30	34	ABST100メモ：20 SAGAN（2018）→https://t.co/PLYI1ilrQk　，ポイント「we apply spectral normalization to the GAN generator」，Self-Attentionの「Attention」は機械翻訳で有名なやつ（details can be generated using cues from all feature locationsがその役割か？）	2019-09-09 08:14:47
momiji_fullmoon	望月紅葉さんと幸せな家庭を築きたい	951	2330	弊社の虚無おじが無能だからできなかった問題設定が解かれてた Pothole Detection Based on Disparity Transformation and Road Surface Modeling https://t.co/0zAo1EO7W5	2019-09-09 08:06:29
Ronmemo1	Ryosuke_Okubo（技術書展7 く28D）	30	34	ABST100メモ：19 ACGAN（2016）→https://t.co/yZDZmn7T2j　，「Synthesizing high resolution photorealistic images」が目標，クラス情報を利用（a variant of GANs employing label conditioningがそれを指す？）	2019-09-09 07:56:04
rz733375	rz733375	192	223	@hankoyama これが東京CsMPs論文ですね。 https://t.co/kvEe77GjRB ＃セシウムボール	2019-09-09 07:33:45
asam9891	Masa.I	496	129	FreeAnchor: Learning to Match Anchors for Visual Object Detection 従来IoU で決定していた真値の割当てを学習ベースに置き換えようというNeurIPS2019. 学習ベースのマッチングにするために損失関数とマッチング部分を変更するだけ。 https://t.co/CvHBxtHjV4	2019-09-09 07:07:31
hillbig	Daisuke Okanohara	16495	253	画像認識において、上位層の畳み込み層を局所自己注意機構に置き換えると同じ精度を少ない計算量とパラメータ数で達成可能。今後は下層は畳み込み、上層は自己注意機構になるか。内容を考慮しながら効率的に計算できる絶対/相対位置情報のより良い埋め込み表現が今後必要 https://t.co/984lKEuFCG	2019-09-09 06:37:39
bluejin55	Data Free Flow Catalyst M/データ流通カタリストM	421	1931	e資格勉強で学んだ単語が単語が数多くでてる！ https://t.co/TZSKp7pKKs	2019-09-09 05:54:46
_X37n	さんなな	184	188	CRITICAL LEARNING PERIODS IN DEEP NETWORKS,人間と同様にdeepも学習初期にある発達段階である”critical periods”が見られることを、初期のepochで欠損データを学習時に後半での正常データの学習に関わらず、獲得がされないことから示した。deep内のweightのFIMと関連づけた。https://t.co/mypwXKrPhq	2019-09-09 05:31:03
tjmlab	部品(本田翼）	2477	322	Acoustic Spin Waves https://t.co/WVBkOxWTtu  ピエゾ電気効果と強磁性体を組み合わせて、ミリメートルサイズの音響スピン波の伝達に成功(*･∀･*)ﾍｰ	2019-09-09 01:11:49
tjmlab	部品(本田翼）	2477	322	Synthesis and Electronic Structure of a Crystalline Stack of MXene Sheets https://t.co/dEKHFpGOdD  MXeneを積層したY2CF2の合成に成功(*･∀･*)ﾍｰ	2019-09-09 01:08:52
tjmlab	部品(本田翼）	2477	322	Revealing the nanoparticle composition of Edvard Munch's The Scream, and implications for paint alteration in iconic early 20th century artworks https://t.co/YxsoGiXlea  ムンクの「叫び」に使われている絵の具の材料を調べて劣化メカニズムの解明を目指す研究、そういうモチベもあるのか	2019-09-09 01:06:33
tjmlab	部品(本田翼）	2477	322	Observation of Edge States in Multilayer WTe2 https://t.co/OcafWMrJIm  Evidence of Higher Order Topology in Multilayer WTe2 from Josephson Coupling through Anisotropic Hinge States https://t.co/OjQR7RFSjM  WTe2の端状態の観測が先週の流行か	2019-09-09 01:03:36
g_ijdx_idx_j	物理学帝国主義	383	301	@occh1_bio https://t.co/I7SYFTQ975 これです！	2019-09-08 23:58:51
273sn	Satoshi中村(介護プログラマ)	601	598	cron で回すと止まらない現象に悩まされて、結局一行目の while を無限ループしていてあの世を想像してきた。あの世でオイラーに会えるかもと胸が高鳴ったが、現実的には幻滅しそうと思ってループを抜け出した。ザッと目を通したが目的を明確にしたい。  ところで BPE は駄目 https://t.co/YX55EZat03	2019-09-08 22:15:26
Nextremer_nb_o	nb.o	117	125	論文はここらしい  A Neural Algorithm of Artistic Style https://t.co/cVHnGVhEWw	2019-09-08 22:09:39
takuzirra	ギーつくの友利奈緒@委託9/22技術書典7-す24D	1698	5000	@minagi_yu arxiv では？ https://t.co/JnmfgM9FZc	2019-09-08 22:01:20
Ronmemo1	Ryosuke_Okubo（技術書展7 く28D）	30	34	ABST100メモ：18 PCGAN（2017）→https://t.co/4rDASpbQwG　，ポイント「The key idea is to grow both the generator and discriminator progressively」，つまり段階的な成長	2019-09-08 18:34:36
Ronmemo1	Ryosuke_Okubo（技術書展7 く28D）	30	34	ABST100メモ：17 DCGAN（2015）→https://t.co/lwhGqgvulu　，元々のGANはunsupervised learning，これとsupervised learning with convolutional networks (CNNs)を組み合わせたのがDCGAN	2019-09-08 18:22:12
BonsukeR	bonsuke	259	308	#tensorFlow  これは後回しにしよう。  Large-Scale Machine Learning on Heterogeneous Distributed Systems  https://t.co/M66oj2hvkE	2019-09-08 17:19:17
inody_	inody	417	468	@ktahar3 https://t.co/GYXj3hhaS4 今まで読んだ中だとこれが一番とっつきやすかったです！	2019-09-08 15:36:29
Ronmemo1	Ryosuke_Okubo（技術書展7 く28D）	30	34	ABST100メモ：16 GAN（2014）→https://t.co/zm0520Kfye　，発想の根底：G（that captures the data distribution）とD（that estimates the probability that a sample came from the training data rather than G）のminimax two-player game	2019-09-08 14:40:33
rz733375	rz733375	192	223	@hankoyama  週刊女性のインタビューで話されていたことだと思いますが、7月２６日に発表された論文と https://t.co/Fz2PZUahzK スタンフォード大学でのインタビューです。 https://t.co/J8ruwCA3bj 公開の数週間前に、東京都が運営する東京都産業技術研究所（TIRI）は、Scientific Reportsに異議	2019-09-08 13:19:24
rz733375	rz733375	192	223	これは7月に出た論文  2011年3月15日に東京で発生したセシウムの放射性降下物は、放射性の高いセシウムに富む微粒子によって支配されています https://t.co/Fz2PZUahzK	2019-09-08 12:40:21
tak_yamm	ymtk@技術書典7-け03D	630	1030	What can the brain teach us about building artificial intelligence? https://t.co/jtXkquJX3s  Numentaの人の総説。4コマ漫画のfigure...	2019-09-08 11:48:00
Ronmemo1	Ryosuke_Okubo（技術書展7 く28D）	30	34	ABST100メモ：15 MobileNet（2017）→https://t.co/j6mZc1zk6i　，「for mobile and embedded vision applications」，ポイント：「We introduce two simple global hyper-parameters that efficiently trade off between latency and accuracy.」	2019-09-08 08:09:48
Ronmemo1	Ryosuke_Okubo（技術書展7 く28D）	30	34	ABST100メモ：14 SqueezeNet（2016）→https://t.co/txQQf0xg8l　，AlexNetレベルの精度を50分の1のパラメーターで達成，英語表現メモ；「50x」は50倍，「50x fewer」だと50倍少ないつまり1/50の意，smallerも同様か	2019-09-08 07:57:01
asam9891	Masa.I	496	129	Mogrifier LSTM LSTM の改良の話。LSTM の入力と隠れ状態を事前に相互作用させてからLSTM を適用する。直感的には、隠れ状態との相互作用で上位の文脈での表現に入力を変換することで性能があがる。Transformer-XL より性能が良い。相互作用で情報が消えない様に低ランク化 https://t.co/pH1Anj8Wtb	2019-09-08 07:53:25
Ronmemo1	Ryosuke_Okubo（技術書展7 く28D）	30	34	ABST100メモ：13 DenseNet（2016）→https://t.co/bXjzYPQi0e　，Denseは密の意，「if they contain shorter connections between layers close to the input and those close to the output」を取り入れる	2019-09-08 07:32:54
hillbig	Daisuke Okanohara	16495	253	強化学習において、最適と二番目に最適な行動の価値の差であるaction gapが状態毎にスケールが大きく違うことが学習を難しくしている。スケールを揃えるため価値更新目標を対数空間に飛ばしそこで更新する手法を提案。これまでの常識を再考させる多くの実験考察がされている https://t.co/nqE9txN8KJ	2019-09-08 07:14:07
hillbig	Daisuke Okanohara	16495	253	重みを方向とスケールに分解して持つWeightNormalizationの挙動の理論解析に基づく初期化提案: 重みは直交化, スケールは入出力のチャンネル数比の平方根, ResBlockではブロック数で割っておく。バッチ正規とと同じくらい大きな学習率を使え、同程度の汎化性能を達成 https://t.co/Rk4w5AIkRp	2019-09-08 06:56:49
Jiny2001	Jin Yamanaka	189	105	”Crowd Counting with Deep Structured Scale Integration Network” ICCV2019 採択論文 https://t.co/UGtlVGoFHq  画面の中に写っている人の数を数えるというポピュラーなタスクでのState of the Art 論文。監視カメラや交通量調査など応用できるアプリケーションが多く、注目度が高い分野。  解説続く https://t.co/c2podxSyaE	2019-09-08 02:58:53
KSKSKSKS2	katsugeneration	186	469	制約条件を記述した意味表現をもとに文を生成するタスクで、木構造で制約条件を表せられる意味表現の提案、その意味表現を使用したデータセットの構築、意味表現を扱える新しい新規の手法を提案し、有効性を検証した https://t.co/5paHw6eCRP	2019-09-07 23:48:55
kivantium	きばん	1997	313	@amane_lyric すでに使えるものとしてはhttps://t.co/ouzGBNwWfU があって（使い勝手はよくない）そこの研究ブログは役立ちそうhttps://t.co/hxTYAcEOoj あとこういう画像ベースのアプローチも楽しそう Using Posters to Recommend Anime and Mangas in a Cold-Start Scenario https://t.co/Oud2QejPtF	2019-09-07 23:45:53
pooneil	Masatoshi🧠Yoshida (吉田 正俊)	1619	38	"arxiv ""Beyond integrated information: A taxonomy of information dynamics phenomena"" Pedro A.M. Mediano, Fernando Rosas, Robin L. Carhart-Harris, Anil K. Seth, Adam B. Barrett https://t.co/qCnbSNwEo1 ""Integrated Information Decomposition, or ΦID""の提案とのこと。"	2019-09-07 23:19:23
nick_debu_p	𝓝𝓲𝓬𝓴 𝓓𝓮𝓫𝓾	2031	4945	[1906.00794v2] Blow: a single-scale hyperconditioned flow for non-parallel raw-audio voice conversion こっこれがDeepバ美肉ボイチェンですか… https://t.co/BJgpiupCmk	2019-09-07 20:22:29
nan_makersstat	📊🛠📝(mallarĝe aplikebla)	982	789	これとか著者全員DeepMindですしね。（SVIの元論文だったはず） https://t.co/OwzP0dTa89	2019-09-07 20:13:25
momiji_fullmoon	望月紅葉さんと幸せな家庭を築きたい	951	2330	[1909.02236v1] Effective Domain Knowledge Transfer with Soft Fine-tuning https://t.co/XnGmzeFxrn 面白かった	2019-09-07 20:03:22
momiji_fullmoon	望月紅葉さんと幸せな家庭を築きたい	951	2330	[1909.02211v1] Gravity as a Reference for Estimating a Person's Height from Video https://t.co/OrCX9xPMBC 発想好き	2019-09-07 20:03:01
momiji_fullmoon	望月紅葉さんと幸せな家庭を築きたい	951	2330	[1906.01140v2] Learning Object Bounding Boxes for 3D Instance Segmentation on Point Clouds https://t.co/BZYigPmfij 点群のInstanceSem.Seg.[NeurIPS2019]	2019-09-07 20:02:32
tentenianbundl2	てん	133	151	流体力学的な方程式いろいろ (完全流体, 磁性流体, KdV,…) が それぞれ(無限次元) リー群上の測地線方程式として得られるという話: Geodesic Equations on Diffeomorphism Groups https://t.co/TdJTAqpxMz	2019-09-07 19:00:10
Ronmemo1	Ryosuke_Okubo（技術書展7 く28D）	30	34	ABST100メモ：11 RoR（2016）→https://t.co/rDIIKZzhVA　，Residual networks of Residual networks（RoR）図を見れば一目瞭然のモデル（思いついたもの勝ち？）	2019-09-07 18:14:06
shion_honda	Shion Honda	1432	257	Self-Supervised Dialogue Learning [Wu+, 2019, ACL] 対話における文の順番を答えさせる半教師あり学習の方法を提案し、従来よりも自然な対話の生成に成功した。人手評価の他に、各生成器とペアにして訓練した識別器をどれだけ騙せるかという敵対的評価も導入。 https://t.co/iHJ1cn8GiY #NowReading https://t.co/i1tl5COyh4	2019-09-07 17:37:34
nnsnodnb	小泉ひやかし⛵️恋活応援アカウント	658	386	1件のコメント https://t.co/ydewRhBySU “[1905.02244] Searching for MobileNetV3” https://t.co/OGd0Rbc094	2019-09-07 16:31:01
shumanalysis	Shuma	170	147	Amazon Forecastのアルゴリズム一覧 https://t.co/vbRWX133jA アルゴリズムは、 - ARIMA - DeepAR+: 初耳。これっぽい?(https://t.co/764NikikVJ) - ETS - NPTS: 初耳。直近の実績からサンプリングする。スパースデータ向きらしい。 - Prophet: Facebookの作った一般化線形モデル。	2019-09-07 13:30:13
seiyaito93	Seiya Ito	12	41	勉強会で紹介した論文の関連．ICCVに採択されているよう． ForkNet: Multi-branch Volumetric Semantic Completion from a Single Depth Image https://t.co/hxt4jcvf4i	2019-09-07 12:55:42
nick_debu_p	𝓝𝓲𝓬𝓴 𝓓𝓮𝓫𝓾	2031	4945	C3DPO: Canonical 3D Pose Networks for Non-Rigid Structure From Motion https://t.co/nebWU8a6Vc  Recurrent Replay Distributed DQN from Demonstrations (R2D3) https://t.co/xLWL1gShBH  スターウォーズ好きすぎか	2019-09-07 10:52:37
lotz84_	lotz△	1630	504	@whisponchan っｽｯ https://t.co/jLl6fv1kVJ	2019-09-07 10:37:54
Ronmemo1	Ryosuke_Okubo（技術書展7 く28D）	30	34	ABST100メモ：Xception（2016）→https://t.co/RP2msMCUaX　，Inceptionモジュールの別解釈について？深さ方向に分離可能な畳み込みとの対応について「where Inception modules have been replaced with depthwise separable convolutions」	2019-09-07 10:29:03
Ronmemo1	Ryosuke_Okubo（技術書展7 く28D）	30	34	ABST100メモ：9 ResNeXt（2016）→https://t.co/OBc7ciQWek　，分岐と集約を含めたResNet，cardinalityという次元を導入する	2019-09-07 10:11:56
WizTukamotosan	Mamoru Tsukamoto	260	655	画像内のオブジェクト間の関係を予測するGNNは、オブジェクトなりバウンディングボックスの特徴ベクトルの作り方が重要なのか、適当でもGNNが良きに計らうのかが分からん…https://t.co/sxrx3ztsqm	2019-09-07 10:00:33
hackernewsj	Hacker News記事題日本語翻訳	690	4	スペースライン：現在の技術で達成可能なスペースエレベーターの代替 https://t.co/BBJfavwrG7	2019-09-07 05:01:13
nan_makersstat	📊🛠📝(mallarĝe aplikebla)	982	789	VAEのサーベイ積んでるし、BNNの調査終わったらこちらを読むか https://t.co/qeX2tKwzrj	2019-09-07 04:41:17
1997synohro	マルフォーイ@クリプちょ（新垣結衣）	580	389	夢のダイアンモンドパワーデバイスまだ先は長そうだなー  わかってないことが多すぎる https://t.co/e153Wnv5mS	2019-09-07 02:14:13
tjmlab	部品(本田翼）	2477	322	Observation of a charge-neutral muon-polaron complex in antiferromagnetic Cr2O3 https://t.co/76K729o92z  謎の中性粒子じゃん（違う	2019-09-07 01:44:46
n_knuu6	くぬー	659	989	去年の JCDL に学術論文から引用とか色々抜き出すツールの比較をしてる論文があった https://t.co/wqCcZMnLPT	2019-09-07 01:14:32
shion_honda	Shion Honda	1432	257	Graph Normalizing Flows [Liu+, 2019, NeurIPS] GCN亜種をカップリング層に用いたフローモデルとしてGNFを提案。隣接行列はGAE亜種でenc/decodeする。識別と生成のどちらでも効果を発揮し、一発での生成のため並列化が容易で、順序不変。一部SOTA達成。 https://t.co/BpF9G4VF5f #NowReading https://t.co/4B73jjKiwr	2019-09-07 00:41:33
shunk031	しゅんけー	1851	690	VAT派生のIMSATとかも洗練されてて好き…教師なしで教師ありレベルのスコア出せるんですよ… [1702.08720] Learning Discrete Representations via Information Maximizing Self-Augmented Training https://t.co/5TiWQEeYRx	2019-09-07 00:32:56
shunk031	しゅんけー	1851	690	あとはこっちもめちゃんこ推せる… [1805.02917] Interpretable Adversarial Perturbation in Input Embedding Space for Text https://t.co/sKTSb1qVeH	2019-09-07 00:31:43
shunk031	しゅんけー	1851	690	VATめちゃくちゃ好きなんですが、最近の若者は知らないっぽいので論文を貼っておきます。てか2015年初出なんですね。色褪せない鮮やかな学習方法… [1507.00677] Distributional Smoothing with Virtual Adversarial Training https://t.co/LknXJ8e5tG	2019-09-07 00:19:57
_k_i_d_o	✍️	2284	882	あ... https://t.co/Ocq5kcm3I3	2019-09-06 23:49:34
White_Heron_	白鷺	246	231	河東研か 論文も幾何っぽいな  https://t.co/kEfu3mhYQF	2019-09-06 22:48:32
kikumaco	kikumaco(9/14萩15広島)	45457	772	今日も宣伝。遺伝子制御ネットワークで、適応度が高まると双安定性が「必ず」出現するモデルとそのモデルの持つ頑健性とを進化シミュレーションを行わずにマルチカノニカル法を用いた計算で議論したプレプリントです。かなり面白いと思います。ご意見いただければ幸い https://t.co/AO5kiKmt38	2019-09-06 22:45:28
q9ac	將籠林檎 / 𝓓	340	268	反強磁性体に歪みを加えるとマグノンがランダウ量子化されるらしい。emergent gauge fieldだ https://t.co/OOCmE33q8J	2019-09-06 20:38:25
q9ac	將籠林檎 / 𝓓	340	268	熱浴に引っ付いた強制振動調和振動子のダイナミクスをLindbladとnon-hermitianで解く。 https://t.co/QlZatRsQ3J	2019-09-06 20:34:50
q9ac	將籠林檎 / 𝓓	340	268	異方性媒質の上の表面プラズモン。  そう、意外と今までこういう計算なかったんだよなあってこの前似た計算をやってて思った。ベーシックなことなんだけど意外と。 https://t.co/ZPxJw2FgGw	2019-09-06 20:26:37
q9ac	將籠林檎 / 𝓓	340	268	LLG方程式とMaxwell方程式を連立して解く。 電磁場のエネルギー、磁気双極子のエネルギー、相互作用エネルギーを量子化して導波路中でのフォトンとマグノンの相互作用を考える。よくあるCavity QEDの設定に近いものを感じる。それの磁性バージョンか。 https://t.co/jstYqraFep	2019-09-06 20:09:46
re_hako_moon	はこつき＠VR	164	201	https://t.co/OUhHZMsnwa Basis Point Sets (BPS)を用いる点群をNNへ入力する手法の提案。BPSから入力点群の最近傍点までの距離・ベクトルを求め特徴量とし、MLP等で処理する。点群の再構成を行うとランダムにBPSを生成するのが良い事がわかる。点群を入力とする各種タスクにそのまま応用できる。	2019-09-06 19:32:16
q9ac	將籠林檎 / 𝓓	340	268	捻れバイレイヤーグラフェンの連続極限の模型。  格子のことになると頭から火が出るけどこういうのは些かだが親やすくてとっても良い。捻れバイレイヤーグラフェンの光学応答とかプラズモニクスとか興味あるなあ。 https://t.co/9SLVDbbKqG	2019-09-06 19:29:26
q9ac	將籠林檎 / 𝓓	340	268	スピン波のGoos-Hänchen shift。  スピン波と光学のアナログは面白いなあ、スネルの法則もあるよーってみたことあるし。 Imbert-Fedorov shiftもあるのだろうか、探してみると楽しそうだ https://t.co/6OfzcEvoEt	2019-09-06 19:17:04
Ronmemo1	Ryosuke_Okubo（技術書展7 く28D）	30	34	ABST100メモ：7 WideResNet（2016）→https://t.co/W3fymjXTfK　，wide residual networks（WRN）は浅く広いResNet	2019-09-06 18:42:55
shu_otomo	ŌTOMO, Shūji	166	216	Finite time singularityの代表。この前の学会でのDwight Barkleyによる招待講演はteacup singularityについてだった。ちなみにこのteacup singularityを最初に研究したのはアインシュタインだそう。arXivで読める。https://t.co/jFX3IwI75n https://t.co/88KrammT4q	2019-09-06 18:40:58
icoxfog417	piqcy	9428	128	文のまとまった構成要素(句)を検出するために、画像情報を用いた研究。Image Captionのデータを使用して、抽出した句と画像が近くなるよう学習する。句と画像の対応を学習することで、精度の向上だけでなく学習データや初期化への依存を抑えることができた。  https://t.co/OMzYXCR3p2	2019-09-06 18:28:07
n_chiba_	Naoya Chiba	670	757	@yellowshippo なるほど・・・．歴史を遡ってはいなかったので勉強になります．ビジョン系だとMax-pooling使うネタとしてView Poolingが先にあったので，その系譜だと勝手に思ってました． https://t.co/Pch7HPln60  PointNetとDeepSetsは同時期で面白いですよね，昔興奮してスライドに書いた事がありました（笑 https://t.co/9aMkGPml3Y	2019-09-06 17:25:57
q9ac	將籠林檎 / 𝓓	340	268	Lindbladマスター方程式で発展する量子系をそのスペクトルでトポロジカルに分類。 https://t.co/wl4hKSGJmm	2019-09-06 17:23:16
udoooom	うどん	1974	1966	このNIPS19論文もしかしてめちゃくちゃ凄い？ Training language GANs from Scratch Cyprien de Masson d'Autume, Mihaela Rosca, Jack Rae, Shakir Mohamed https://t.co/B5j5ro8ShU https://t.co/MHIDodoGnG	2019-09-06 17:16:40
q9ac	將籠林檎 / 𝓓	340	268	ボゾニックな熱浴とフェルミオニックな熱浴の接合系で解析的に熱流を計算する。ローレンツドルーデタイプ、オーミックタイプ、などさまざまなタイプの熱浴について比較がある。  これはめっちゃ興味ある。towards 非平衡光物性 https://t.co/C16cmVzcsa	2019-09-06 17:11:05
yellowshippo	horiem	2628	793	@n_chiba_ ほぼ同時期に提案されてるのが面白いですよね（これ https://t.co/xqnaVkn0CY の影響かもですが）。PointNet の universal approximation も DeepSets の permutation invariant も証明をちゃんと追うのはつらいですね。。笑	2019-09-06 17:07:00
q9ac	將籠林檎 / 𝓓	340	268	非線形な量子開放系のレビュー。量子論の基礎が分かってる人なら読み進められるらしい。 https://t.co/mLmmxcM9s9	2019-09-06 16:57:35
yjmtsmt	(っ'-')╮ =͟͟͞͞◯本	228	196	@mega_yadoran @drq_8710 @h16222528 @kuro_black3 惑星形成のダストだと、fragmentation と bouncing は別々に考えられていると思うので( https://t.co/km5UVEXM79 のFig.5とか)、bouncingを繰り返す内に壊れたりするのはおもしろいと思います	2019-09-06 16:51:54
icoxfog417	piqcy	9428	128	音声翻訳において、フレームレベルの特徴を音素レベルに集約して用いる手法の提案。事前に音素ラベルの判定を行う必要があるが、精度を向上させ学習時間も削減することができる。音素ラベル判定は、言語独立の手法(CTC)を用いることで低リソース言語でも可能なことを確認。  https://t.co/QeOYpL1lRM	2019-09-06 16:23:43
q9ac	將籠林檎 / 𝓓	340	268	PT対称な非エルミートハミルトニアンによるダイナミクスとLindbladマスター方程式によるダイナミクスを比較。オプトメカニカルな系で二つのアプローチが合致する領域を見つける。 https://t.co/yIV3RxQ6xh	2019-09-06 16:16:17
q9ac	將籠林檎 / 𝓓	340	268	原子層物質の光学伝導度を光のスピンホール効果で測る。かなり精密に測れるみたいで光のスピンホール効果の可能性を感じる。 https://t.co/HOI3IOlee3	2019-09-06 16:10:31
apiss_lab	あっぴ	35	48	FreeAnchor: Learning to Match Anchors for Visual Object Detection. (arXiv:1909.02466v1 [https://t.co/ZMg61zgMTJ]) https://t.co/MzJkEXGWoA  面白そう。今度読む	2019-09-06 15:22:05
emptst	muratak	356	118	短い主張だ… （by V. Capretta: General Recursion via Coinductive Types https://t.co/SqtAnbFr4j ） https://t.co/0R4pnGccSS	2019-09-06 15:15:57
Ronmemo1	Ryosuke_Okubo（技術書展7 く28D）	30	34	ABST100メモ：6 SENet（2017）→https://t.co/gGt6WuNuUH　，今までは「by enhancing the quality of spatial encodings throughout its feature hierarchy」，対して「that adaptively recalibrates channel-wise feature responses by explicitly modelling interdependencies between channels」	2019-09-06 14:49:05
yamada3da	yama3go	717	1688	フィンランドTurk大学と日本の神戸大学の研究チームが発表。  温暖化の原因が人間の活動によるものではないというもの。  https://t.co/RVMGKxewEy	2019-09-06 14:36:23
tjmlab	部品(本田翼）	2477	322	Detecting superconductivity out-of-equilibrium  時間分解アルペス、この辺の論文の引用に最新レビューありそう。あとどうせスタンフォードのトムデブロ神とかがなんかやってそう。  https://t.co/tc7zLALSRx	2019-09-06 14:29:35
Kenji_Sugisaki	杉﨑 研司 (Kenji Sugisaki)	494	130	Effects of Quantum Noise on Quantum Approximate Optimization Algorithm https://t.co/DGlhZDnOz0 時間あるときに読む	2019-09-06 13:40:16
yunishimura2	yunishi / 研究技術の社会実装	205	410	Arxiv出ました！  ForkNet: Multi-branch Volumetric Semantic Completion from a Single Depth Image https://t.co/uL9cH0Ab7Z https://t.co/646i1nUgfO	2019-09-06 12:25:21
Naka_m	nakam	413	451	Floquet Kubo formulaの導出が議論されているのは貴重じゃないだろうか: Floquet topological insulators: from band structure engineering to novel non-equilibrium quantum phenomena https://t.co/O1cLYoNxOS	2019-09-06 12:25:02
tjmlab	部品(本田翼）	2477	322	Evidence of Higher Order Topology in Multilayer WTe2 from Josephson Coupling through Anisotropic Hinge States  WTe2の高次トポロジカル縁モードをジョセフソン節子で見つける、そんな方法があるのか(´・∀・｀)ﾍｰ  https://t.co/OjQR7RFSjM	2019-09-06 10:24:55
tjmlab	部品(本田翼）	2477	322	Accurate real-time evolution of electron densities and ground-state properties from generalized Kohn-Sham theory  一般化コーンシャム理論による電子密度の実時間発展の計算方法|･ω･｀)ﾌﾑﾌﾑ  https://t.co/PUgC7UPRSC	2019-09-06 10:22:52
tjmlab	部品(本田翼）	2477	322	Floquet topological insulators: from band structure engineering to novel non-equilibrium quantum phenomena  フロケトポロジカル絶縁体の最新レビュー、それもまたタピオカだね  https://t.co/qjIQPTJuGv	2019-09-06 10:21:01
tjmlab	部品(本田翼）	2477	322	Hunting Majorana Fermions in Kitaev Magnets  キタエフ磁性体のマヨラナ励起の最新レビュー、それもまた人生だね  https://t.co/toou5757dL	2019-09-06 10:19:20
tjmlab	部品(本田翼）	2477	322	Observation of Edge States in Multilayer WTe2  エッジを流れる超伝導流、奥ゆかしいな  https://t.co/OcafWMrJIm	2019-09-06 10:17:50
tjmlab	部品(本田翼）	2477	322	Doped holes in NdNiO2 and high-Tc cuprates show little similarity  ニッケル酸化物と銅酸化物似てなくね？論文、|･ω･｀)ﾌﾑﾌﾑ  https://t.co/Mxu6jXeW4j	2019-09-06 10:16:53
tSato_as	T. Sato	133	161	eROSITA の中間質量ブラックホールでの白色矮星の潮汐崩壊の検出率 https://t.co/HPwXqOveVu	2019-09-06 10:10:33
tSato_as	T. Sato	133	161	面白そう。SN 2010da の後に出てきた palsating ULX に red supergiant の donor star を見つけたって話 https://t.co/boTq2hcE8u	2019-09-06 09:58:37
hhayakawa	早川尚男	2018	427	新しい論文 https://t.co/OXYdookDcX です。非断熱ポンプの論文で、東工大グループ主導で京大コンビの貢献は多くありません。	2019-09-06 09:49:45
cometscome_phys	Yuki Nagai	2959	536	プレプリントが出ました。機械学習分子シミュレーションを第一原理計算精度で厳密に高速に行う手法の提案です。来週の物理学会の領域11でも内容を話します。[1909.02255] Self-learning Hybrid Monte Carlo: A First-principles Approach https://t.co/MtjRxyFlCh	2019-09-06 09:32:11
akihiro_akichan	akihiro_f	147	143	https://t.co/Gr5iMHHLQE Transformer学習時のコツ論文。基本的に大きいデータセット、大きいモデル、長いシーケンス長が強い。バッチサイズは上げた分だけ高速化するわけではないが精度向上に重要。warm upはある程度やらないと全く学習しなくなる。全部の実験で4年分のGPU時間がかかったらしい。 https://t.co/aPXBap6WhG	2019-09-06 09:21:22
nick_debu_p	𝓝𝓲𝓬𝓴 𝓓𝓮𝓫𝓾	2031	4945	R2D2 vs. R2D3 ファイッ [1906.06195v2] R2D2: Repeatable and Reliable Detector and Descriptor  [1909.01387] Making Efficient Use of Demonstrations to Solve Hard Exploration Problems https://t.co/IMyZc1AwyY https://t.co/5y1Cd76wi3	2019-09-06 06:54:47
Paul_Painleve	Paul Painlevé@JPN	4808	170	今回はT.Dreyfusの論文 https://t.co/fqKsSvVKdA https://t.co/r9cbZXs2nT と定番の https://t.co/sqYbSKzk2e を勉強しました、という講演。数年前はポスドクのあんちゃんだったThomasに風格が出てきた。Zhangは私の話は全部わかっていたが、手を動かしてやり切ることに意味がある。	2019-09-06 06:24:03
QFTlover	T duality	259	193	【後で読む】TNを係数とスピンネットワークに分けるやつ。僕の考えてるモデルもエンタングルメントの強さとmatrix (tensor) structureに分けてるから、ある意味同じかもしれない。  [0907.2994] Tensor network decompositions in the presence of a global symmetry https://t.co/1ltAKWrKRD	2019-09-06 04:33:51
Nobu19881006	清water信宏	80	87	https://t.co/7i8G7vs93h　 Belle2 physics paper v4らしい。48MB。重くてなかなかダウンロードできない。	2019-09-06 01:43:31
ATH_ray_	ソネットそねお@技術書典7す05D	2238	2595	『「AIにできることはまだあるかい？」って尋ねるのやめろ』  みたいなタイトルが飛び込んできて笑った  [1902.03245] Ask Not What AI Can Do, But What AI Should Do: Towards a Framework of Task Delegability https://t.co/V5EzJcKDba	2019-09-06 00:59:31
ATH_ray_	ソネットそねお@技術書典7す05D	2238	2595	神経活動とBERTなどTransformerの中間層を比較してる（NeurIPS2019）  [1905.11833] Interpreting and improving natural-language processing (in machines) with natural language-processing (in the brain) https://t.co/KUuGdbE7Uu	2019-09-06 00:49:25
sinus_iridium	山田陽志郎 Yoshiro Yamada	2358	103	英米の大学院生ら提案の「スペースライン」では、地球‐月系ラグランジュ点Ｌ１から地球側と月側に高抗張力ケーブルが伸びており、月面にはアンカー固定。地球側は静止軌道付近まで（軌道物体の多い地球近傍は避ける）https://t.co/vIkB73Ap1v　関連：https://t.co/znFqs9ZH4y　https://t.co/O5Ib3EGOIU	2019-09-06 00:21:13
math_jin	math_jin	2372	102	2019年に望月の論文を引用した論文（続き）   -google scholar、general）https://t.co/qvgp76SnRD  2. Arxiv：https://t.co/xL06twUbSX  3. RIMSプレプリント：https://t.co/9GhU8lK6Fy   一部の論文は自然に数回表示されます。   #IUTABC https://t.co/NJVixsmTfF	2019-09-05 22:30:38
shinya7y	Yosuke Shinya	1438	578	DetNAS https://t.co/KgkYG5xMf6 が見事NeurIPSに通している。 フォーマットから推測するに、ICCV投稿後、新規性の主張がNAS-FPNに消し飛ばされたのを見て戦略的withdrawalし、修正・投稿し直す英断。 物体検出NASの競争こわ…近寄らんとこ…	2019-09-05 22:18:16
gr4vit0n	gr4vit0n	736	190	LLVMを基盤にした難読化解除のフレームワーク https://t.co/KKCaxj6ZFa	2019-09-05 21:27:15
KwhRd100	kwh_rd100	2	0	分子特性予測のためのゲート付きグラフ再帰ニューラルネットワーク  各原子が空間位置を持つ有向完全グラフとしてモデル化し、単純なゲーティング機能を備えた再帰的ニューラルネットワークを導入し、入力表現はスキップ接続としてすべてのレイヤーに供給。QM9等で性能確認。https://t.co/rOevUdZUhQ	2019-09-05 20:59:47
ytb_at_twt	ytb	5221	528	楽しい。 https://t.co/nPkReBhKHS graphical lambda calculus	2019-09-05 20:35:41
luigi_0829_2	DrLuigi@あるふぁ	124	292	@tsujimotter ラマヌジャン型の公式の1つの証明の論文です 何か参考になれば…… https://t.co/7pp0VX8knP	2019-09-05 20:34:22
luigi_0829_2	DrLuigi@あるふぁ	124	292	え、重要な手掛り見つけたぞ https://t.co/7pp0VX8knP	2019-09-05 20:28:22
re_hako_moon	はこつき＠VR	164	201	https://t.co/a55rG7B6J2 PointNetの推論をLUTを用いて高速化。PointNetを学習させてからShared MLPをLUTで置き換え、後段のMLPをfine tuning。量子化だけではわずかに精度が悪化するがfine tuneによってPointNetと同等の精度を維持。推論時PointNetがGPUで25.3msであるのに対し、CPUで1.5msを達成。	2019-09-05 19:45:49
khmlpy	khml	159	235	@ai_scholar 元論文は arxivTimes のこれと同じかな。 https://t.co/mXulj2Vgd6  arxivはこっちかな https://t.co/Tg8IVOOVlz	2019-09-05 19:01:30
nnkkmto	こうもと	5	5	Deep Interest Networkにおけるbehaviorをsession単位で束ね、sessionをまたいだbehaviorの文脈情報を組み込んだもの DINと同じくAlibaba https://t.co/e62Mobbgla	2019-09-05 18:57:08
t_Signull	特徴量の気持ち	821	542	うわっ、去年やってみて失敗したことがばっちりNeurIPSに通っている Unsupervised Learning of Object Structure and Dynamics from Videos https://t.co/mFJI4xyC13	2019-09-05 16:38:26
QFTlover	T duality	259	193	問題点がはっきりイントロに書いてあって読みやすい  [1703.07780] The Boundary Dual of Bulk Local Operators https://t.co/TmSzLXHkyw	2019-09-05 16:31:49
yuma_koizumi	Yuma Koizumi	398	207	ToyADMOS dataset が、海外の Web サイトで紹介されました！是非お試しください！ arXiv: https://t.co/iALMQqVaEy GitHub: https://t.co/qQehd6MaoA https://t.co/PbDKNhmfbu	2019-09-05 15:25:21
OrangeMorishita	Yasuhiro Morishita	2795	2646	【自分用メモ】A wrinkle in time: A case study in DNS poisoning https://t.co/rOfgYS1fwv	2019-09-05 14:40:26
OrangeMorishita	Yasuhiro Morishita	2795	2646	【自分用メモ】[1906.10928] A wrinkle in time: A case study in DNS poisoning https://t.co/txnDDn3ojw	2019-09-05 14:39:45
omusubi_phys	おむすび	170	210	宇宙ジェットの発生機構は未解明だが，本論文では，磁場や輻射を仮定しないピュアな流体計算だけによって，十分大きな降着率と非等方な密度分布さえ仮定すれば，inflowとoutflowの構造ができることを解析的，数値的に示した． https://t.co/qtJmXLYO4w #おむすびが論文紹介するだけ	2019-09-05 13:57:57
shin_corno	しんいち@プログラミング教室KOTONOHA代表	427	478	この論文に私の研究が引用されていた(画像の[14])！！！！ びっくり。ありがとうございます有田先生。 準結晶における超伝導の研究。うーん。面白いし、こんなパタンが出るとは。自分もこういう絵描きたかったなー。 https://t.co/CDqZMHNHwS https://t.co/khANqSo0we https://t.co/fIGnC4MJQZ	2019-09-05 13:40:02
kvanadies	Kenji MISHIMA	182	269	Letter of Intent for the LUXE Experiment https://t.co/PeAUyF9iQW 量子力学的には光子＋光子から電子＋陽電子の発生が予測されているが、確率が小さいのでまだ実際に観測されてはいない。スイスに建設中のX線自由電子レーザー(XFEL)とフェムト秒レーザーを使ってこの観測の実現を目指す計画。	2019-09-05 13:28:16
sinus_iridium	山田陽志郎 Yoshiro Yamada	2358	103	論文では、直径数十～百数十ｋｍ以上の天体による衝突が想定されていました。https://t.co/Yy1m2sVcgU https://t.co/4BMmYvkRtb	2019-09-05 12:53:05
tjmlab	部品(本田翼）	2477	322	Localized Charge Excitations of La2−xSrxNiO4+δ Revealed by Oxygen K-edge Resonant Inelastic X-ray Scattering https://t.co/Hd7LFVcB7f  サプリが本文より先にくる論文、新しくない？？	2019-09-05 10:54:30
tjmlab	部品(本田翼）	2477	322	Three-Dimensional Topological Twistronics https://t.co/mSSQ1fO45Y  3次元トポロジカルツイストロニクス( ;･`д･´)ｺﾞｸﾘ	2019-09-05 10:52:58
jaguring1	小猫遊りょう（たかにゃし・りょう）	2780	194	おっ、すごい成果！AIの発展で、大きな壁がまた一つ突破された！今度は言語理解や推論や常識・知識がないと解けないと想定されてきた中学2年生レベルの科学の試験で、モデル「ARISTO」がスコア90％を超え、余裕をもって合格水準に達した。高校3年生レベルの問題では80％越え https://t.co/a6MibO0oTE https://t.co/UEiLuGKtkT	2019-09-05 10:21:56
r_natsume	たうより	442	393	タイトルがかっこよすぎる。。。！！  Dual Student: Breaking the Limits of the Teacher in Semi-supervised Learning https://t.co/kOSFeFSNtq https://t.co/NEvT2BOCIA	2019-09-05 10:15:58
Historyoflife	内村直之	4665	875	河東先生のところで作用素環論やっていたのですね。日本の得意分野のひとつで、数理解析研は小沢登高先生もいるし、作用素環論研究の中核です。山下さんの修士論文はこれ。https://t.co/T2G60VDK0n わたしゃ読めんけど。 https://t.co/fvA8Z3kF7l	2019-09-05 10:07:09
tSato_as	T. Sato	133	161	RCW103 の論文も同時に出てた。やっぱり 12-13 太陽質量で、結構軽いっぽい。 https://t.co/EevsZ99iIx	2019-09-05 09:53:43
mono_dukuri_no	松谷茂樹∩先進数理解析	1207	1075	弾性曲線（elastica)がボキッと折れる様を数学にしてみました。コピー用紙でも再現できる形状ではありますが、楕円曲線のモデュライの遷移とも関係し、とても面白い現象です。Λ-elasticaと呼ぶことにしました。 https://t.co/Fn8hN17Ho4	2019-09-05 09:51:44
tSato_as	T. Sato	133	161	マグネターを持つSNRをみた感じ、progenitor はそんな重くなく(&lt; 20太陽質量)、回転からエネルギーをそんなもらっているようにも見えない(&lt; 2e+51 erg)。(前から言われてる話に、何かupdateあるのかな？ https://t.co/LjoCclG3EQ	2019-09-05 09:48:04
Ronmemo1	Ryosuke_Okubo（技術書展7 く28D）	30	34	ABST100メモ：5 ResNet（2015）→https://t.co/uUNdKATEJr　，おそらくAlexNetと並ぶマイルストーン的論文，「We present a residual learning framework」，機械学習で言うrepresentationって何のこと？（宿題）	2019-09-05 09:14:48
RoadRoller_DESU	岡本大和 on ﾛｰﾄﾞﾛｰﾗｰ	648	1038	なんか久々に論文読んだ TASK2VEC: Task Embedding for Meta-Learning  論文： https://t.co/NmODjEFLU3  まとめ： https://t.co/Pwwd2N0pJk	2019-09-05 08:56:39
rustAndJulia	トッ☆ティ	778	729	@5ebec 最近仕事で読んだ論文(画像処理というより画像認識だけど)どうぞ https://t.co/P27IkPrfb1 https://t.co/2sTo1Dyyrw	2019-09-05 03:21:01
p1scesCom	うおざ	424	755	@5ebec 俺だ!(フォント生成についての論文) https://t.co/8iAcOZvG2X	2019-09-05 02:59:10
PhlebotomeH	ディレッタンティズムの倫理と聖霊の働き	143	352	GH MooreがThe Origins of Foringという記事を書いていたはずだと思ってググってら偶然Justin Mooreが今年にforcingの入門記事を書いているのを発見。なかなかイイ感じ。  https://t.co/bBqKTRR6Lm	2019-09-05 00:13:23
koshian2	しこあん@『モザイク除去本』好評通販中	2546	2430	ほんまにこんな綺麗に進むの？って感ある　https://t.co/DmxnnKJWle https://t.co/7mqMrbpGF9	2019-09-05 00:12:27
csx4K_12331	プランク同好会(非公式)	460	916	@masa_cosmos Taoのやつ大変そう...  いろいろ探してみたらこっちの方が読みやすそう https://t.co/ShUmjhEhe5	2019-09-05 00:09:38
tjmlab	部品(本田翼）	2477	322	Kondo exhaustion and conductive surface states in antiferromagnetic YbIr3Si7 https://t.co/fbZgk4NKQw  自由電子の数が磁気モーメントの数より少ないと”Kondo exhaustion”なる現象が生じて、系は絶縁体になるし、なんかトポっぽい表面伝導が生じてる。学びだ。	2019-09-04 23:18:45
tjmlab	部品(本田翼）	2477	322	Borophosphene: a New Anisotropic Dirac Cone Monolayer with High Fermi Velocity and Unique Feature of Self-doping https://t.co/KK914IF2g2  グラフェン並みの移動度を誇る新しい二次元物質ボロフォスフェンの予言(｡･ω･))ﾌﾑﾌﾑ	2019-09-04 23:10:54
tjmlab	部品(本田翼）	2477	322	Observation of superconductivity in bilayer graphene/hexagonal boron nitride superlattices https://t.co/QGe7NM0M7D  NIMSのグラフェン/h-BN超伝導論文、Tc=50Kの主張を引っ込めて再提出か。さすがに、レフェリーにつっこまれたかな？	2019-09-04 23:08:03
re_hako_moon	はこつき＠VR	164	201	https://t.co/75FJMYLbp5 SOTA並の精度で高速に点群のクラス分類とセグメンテーションを行うNN、ShellNetを提案。畳み込みで考える点をランダムに選択、距離に応じたビンで区切り、特徴量をMax-poolingして結合、MLP。サンプリングがランダムでも精度が落ちないことを示した。	2019-09-04 22:30:59
hiro_taji1234	ALFALFA	97	49	論文を発表しました： https://t.co/WU44GS8ZZi 連続性条件とadditivityを満たすリソース理論においては、ユニタリー操作をfree unitaryを使って実装しようとすると、実装装置にはその誤差に反比例したサイズが必要になる、という結果です。 MITの高木さん（主著者は僕ではなく彼）との共同研究です。	2019-09-04 22:22:59
ryosuke07117	りょすけ	158	294	・CNN/NYT/XSUMのそれぞれのデータセットでスコアを検証 ・BERTを持ちいたEncoderを用いることで、抽出型要約で問題となる「要約となりそうな文の場所を覚える」という現象に緩和が見られた EMNLP2019 accepted https://t.co/8HQ7oLenMU https://t.co/RyvdXGCvbV	2019-09-04 21:26:08
momiji_fullmoon	望月紅葉さんと幸せな家庭を築きたい	951	2330	[1906.01304v2] Vision-Based Autonomous UAV Navigation and Landing for Urban Search and Rescue かっこよ https://t.co/acQVRS9Xi6	2019-09-04 20:26:25
shion_honda	Shion Honda	1432	257	Deep Generative Models of Graphs [Li+, 2018, ICML] sequentialにノードとエッジを追加しながらグラフを生成するドメインフリーなモデルを定式化した。LSTMなどよりも高い表現力を持つことや生成順序をランダム化することの効果を実験的に確かめた。 https://t.co/SDcQ7dVLv9 #NowReading https://t.co/B2USIrkOMJ	2019-09-04 20:07:31
astrophys_tan	宇宙物理たんbot🌏☄️学術系VTuber	26519	9859	（承前） https://t.co/FbhffgP8d5 の「本論文で得られた相対論的補正を太陽-木星系のラグランジュ点に適用すると、位置が38㍍ほどずれることがわかる。これは小さい値だが既存の観測技術で検出できるかもしれない」のくだりですとか、サイッコーにクールですわ。	2019-09-04 18:01:55
Ronmemo1	Ryosuke_Okubo（技術書展7 く28D）	30	34	ABST100メモ：3.GoogLeNet（2014）→https://t.co/4CxSNDv2Wz　，ポイントはInceptionモジュール，コンピューティングリソースの利用率の向上	2019-09-04 17:33:18
astrophys_tan	宇宙物理たんbot🌏☄️学術系VTuber	26519	9859	古典的な制限3体問題（ラグランジュ点が出てくるあれ）をニュートンではなく一般相対論で解いた方もおられますわ。弘前大の山田慧生先生と浅田秀樹先生ですわ。Yamada &amp; Asada 2010, Phys.Rev.D82, 104019 https://t.co/FbhffgP8d5	2019-09-04 17:01:59
Kenji_Sugisaki	杉﨑 研司 (Kenji Sugisaki)	494	130	Discontinuous Galerkin discretization for quantum simulation of chemistry https://t.co/9PY45U6v3Y あとで読む。AbstractにO(N^2.6)と書いてるのが目に飛び込んできて凄いことになってる感。	2019-09-04 16:18:31
astrophys_tan	宇宙物理たんbot🌏☄️学術系VTuber	26519	9859	最近見つかった3体問題の解がこちらですわ（図はp. 2）。ああ！ う…美しすぎます！ https://t.co/mtyiGvK2wG PDF注意 (Šuvakov and Dmitrašinović, 2013)	2019-09-04 16:02:00
omusubi_phys	おむすび	170	210	ULXの光度は，従来は中間質量BHへの降着や恒星質量BHへのsuper-Eddington降着で説明されていた．しかし，大局的な磁場があれば上記のシナリオではなく恒星質量BHへのsub-Eddington降着で，いくつかのULXの光度を説明できるモデルを提案した．https://t.co/fdwiL1fH86	2019-09-04 15:57:12
kk_sleep_sc	KK	112	149	ながい..  Deep Learning based Recommender System: A Survey and New Perspectives https://t.co/UBqeRiPqQ5	2019-09-04 15:25:46
mathetake	mathetake	3309	237	WI 19に通った論文をarxivにアップロードしました。実際に推薦システムをAWS上にどうやって構築したか、かなり踏み込んで書いてるちょっと変わった論文です /  Algorithms and System Architecture for Immediate Personalized News Recommendations https://t.co/Pih0kKVBNm	2019-09-04 14:34:01
kato_kohaku	kato.kohaku.0	319	475	本文35ページ＋文献リスト13ページの大作を眺めている。著者曰くcomprehensive review とのこと。　https://t.co/pwcSDkQifs https://t.co/gSssCNqYAS	2019-09-04 13:36:38
icoxfog417	piqcy	9428	128	2画像間の関係記述を生成する研究。自然言語による画像編集(背景を塗りつぶして欲しいetc)を目指している。Redditの画像編集掲示板などからデータを収集し、変換前後の画像特徴を結合したベクトルにAttentionをはるモデルをベースに、計4つの応用モデルを提案している。  https://t.co/VZ2ijZP1up	2019-09-04 13:29:35
murawaki	Murawaki	685	99	EMNLP short の原稿が arXiv にあがりました: https://t.co/9J1OK8jVwM	2019-09-04 12:53:33
tjmlab	部品(本田翼）	2477	322	Hole superconductivity in infinite-layer nickelates  ヒルシュの万能ホール超伝導理論でニッケル酸化物も説明できる(´・∀・｀)ﾍｰ  https://t.co/lg91LYGXLf	2019-09-04 12:21:33
iwiwi	Takuya Akiba	12658	1131	#NeurIPS2019 に @ir5 らとの論文が採択されました!! https://t.co/2MhbL91xeJ ニューラルネットのメモリ消費量を計算グラフに対する動的計画法でいい感じにする論文です。PFN は今後も先進的な機械学習システムを実現するための研究開発を頑張っていきます!! 解説ブログ記事：https://t.co/Z95QWvdKkC	2019-09-04 12:04:55
k_matsuzaki	zakki	530	512	Edge TPUとかNeural Compute Stickの類は今のところPCに指してもパフォーマンス的には微妙なのかしら。1Wでi9 9900相当なんで強くはあるけど…。 https://t.co/ijLCqNajRY https://t.co/rvGyZBRHnr	2019-09-04 11:40:49
tjmlab	部品(本田翼）	2477	322	Magnetocaloric properties of V6 molecular magnet  ジャニーズ事務所的に大丈夫？   https://t.co/tdNY1IzeW6	2019-09-04 11:37:01
sasakitakanori	SasakiTakanori 佐々木貴教	2265	764	東工大のときの学生さんだった芝池くんとの共著論文です。ガリレオ衛星の形成ついて、いわゆるペブル集積を用いることで様々な特徴を再現できる、という内容です。まだ resubmitted の段階ではありますが、ほぼ完成版なので興味のある方は読んでいただけると嬉しいです。 https://t.co/LFBQVC5wjW	2019-09-04 11:25:46
chemical_tree	Masato Mita	368	169	理研AIPの清野くんと行った共同研究でEMNLP2019にも採択された論文が公開されました。 文法誤り訂正を題材に疑似訓練データの効率的な使い方を真面目に確かめてみたという話です。 https://t.co/JrypDTKidb	2019-09-04 11:18:40
tjmlab	部品(本田翼）	2477	322	Effect of quenched disorder on a quantum spin liquid state of triangular-lattice antiferromagnet 1T-TaS2  TaS2の量子スピン液体、残留熱伝導度は不純物に敏感だけど、残留比熱は鈍感、なるほど追試に期待   https://t.co/2pIFUoHKJj	2019-09-04 10:31:24
k_yamagami	K. Yamagami	287	115	[1909.00060] Model construction and a possibility of cuprate-like pairing in a new d9 nickelate superconductor (Nd,Sr)NiO2  skkbr、krkグループｷﾀ━(ﾟ∀ﾟ)━! 春の日物で特別セッションとか今後設けて行くのだろうか‥‥ https://t.co/LXne8BEqYq	2019-09-04 10:30:29
YoshifumiSeki	関 喜史	1702	153	WIのやつをarxivにあげました / Algorithms and System Architecture for Immediate Personalized News Recommendations https://t.co/W28I1TF1nk	2019-09-04 10:25:03
tjmlab	部品(本田翼）	2477	322	Model construction and a possibility of cuprate-like pairing in a new d9 nickelate superconductor (Nd,Sr)NiO2  ニッケル酸化物超伝導の理論、krk先生一族仕事が早い(ง ˙˘˙ )ว  https://t.co/2G9eFbt8Yk	2019-09-04 10:24:45
icoxfog417	piqcy	9428	128	画像を参照しながら対話したデータセット。対話している2人が見ている画像は共通のものと別々のものがあり、それが何かを当てる。全5ラウンドだが各ラウンドで画像の引き継ぎがあり、これにより過去のコンテキストを参照した対話セットとなっている。  https://t.co/XtDEfuYmLm	2019-09-04 10:16:31
m__sb04	MARINA🦋｜Edge AI	2234	431	機械学習アクセラレータのベンチマークについてのサーベイ論文が出ている📝  研究論文，企業ベンチマークなど、公開されているあらゆる資料から各プロセッサの性能と消費電力の情報を収集してマッピングしてくださっている… 神なのか…🥺 #edgeAI ▶︎ https://t.co/4gI4c4Y8sj https://t.co/nS5NoMH5kH	2019-09-04 08:54:10
joisino_	紫乃さん	774	758	[ご報告] NeurIPS 2019 に論文が採択されました 🎉🎉🎉 https://t.co/DUdhyvM5Qh	2019-09-04 08:46:37
Cross_Stream2	kenkatz	334	48	週末にでも読む（最近の興味は量子コンピューター） &gt;Option pricing using quantum computing https://t.co/hmZhyA3YEf	2019-09-04 08:18:02
ly9988	LY9988	411	316	NeurIPSに主著がアクセプトされました！ https://t.co/kiSutqP4Nc	2019-09-04 00:46:31
re_hako_moon	はこつき＠VR	164	201	https://t.co/uoNBOEnfZn Octree上でボクセルごとの法線方向と変位で表面形状を記述して三次元形状を取り扱うNNの提案。提案するPatch-guided Adaptive Octreeでは、ボクセルごとに平面で近似できない部分のみOctreeの階層を深くして分割する。これを入出力するエンコーダー・デコーダーを導入。	2019-09-03 23:31:15
akihiro_akichan	akihiro_f	147	143	https://t.co/G5kY2sRqLA 損失関数改良でノイズに強くした。実験結果を見ると外れ値には強くなっているが、ハイパーパラメータが増えるので実際使い勝手はわからない印象。頑健性の試験が掲載されていない＝変動に敏感？ 公式ブログ→https://t.co/TfbWaUSkfz Arxivtimes→https://t.co/JWa4ng6mNW https://t.co/n4LGiP5Z7o	2019-09-03 23:07:16
candidusflumen	Toshihico　Shiracawa	1503	2014	「THE SPACELINE: A PRACTICAL SPACE ELEVATOR ALTERNATIVE ACHIEVABLE WITH CURRENT TECHNOLOGY」 宇宙エレベーターは現状の技術では自重に耐えるのが難しく実現が難しいが、地球と月の間にエレベーターを作れば現行の技術でも何とかなると言っている文書 → https://t.co/fWZJBCRVE2	2019-09-03 22:26:24
hattarist	ハッタリニキ	279	268	数式からLaTeX文法吐き出すディープニューラルネットワーク。Sequence-level Training使ってるのが新しいのかな。 https://t.co/CSd7uk3gwT	2019-09-03 20:09:49
yuta_16e	Yuta AKIYAMA📷	160	521	ワームホール出来るとか、 夢が現実になろうとしてる！！！ https://t.co/yMO44U3iUo	2019-09-03 18:30:26
unpuy_tw	岸本ばなな	213	157	やっぱTwitterは最高 https://t.co/kAjp2vwGc6	2019-09-03 17:51:56
SN_star_ppd	Shota Notsu	867	974	今日(9/2)は、米国のLabor Dayの為arXivの更新はお休みとの事。 https://t.co/dXo1LCNCho	2019-09-03 17:09:10
Ayumu_walker	Ayumu Shiraishi	270	537	この論文の実験を再現してみたところ、上手くいったぽい。https://t.co/an92Obd64S これで非自明な時間反転操作を確認できたぞい！ただ、回路を組む途中で、いろいろ近似計算が必要なのでQiskitのコードで書き直してみよう！（できたらGitに上げるんだ） https://t.co/aBrVtSwVkN	2019-09-03 15:07:16
toshi_k_datasci	toshi_k	2013	561	@icoxfog417 従来技術として取り上げられているもののうち1つは以下だと思いました． | Crypto-Nets: Neural Networks over Encrypted Data https://t.co/UfyFevEwCF	2019-09-03 13:06:22
pacifinapacific	ぱしふぃん	278	433	similarityには色や形など様々な軸が存在しているのでそれを保持したままembddingを行いたいという研究。色々と使えそう。  ICCV2019 accepted paper https://t.co/GQVDDLmbGo	2019-09-03 12:29:49
su_9qu	marr	108	101	"arXiv。 Labor Day Holidayのためお休み。 日本時間、明日、正午ごろになるということですね  "" Articles received at or after 14:00 ET Friday, 30 August 2019 and before 14:00 ET Tuesday, 3 September 2019 will be announced at 20:00 ET Tuesday, 3 September 2019. "" https://t.co/ETXQEQ6xOb"	2019-09-03 12:21:53
ryougen96	燎原	1033	1202	@hardustato それ 案の定見つかったんで暇つぶしができそうな時に読むわ https://t.co/qDJzGqdzGj	2019-09-03 11:31:55
Egison_Lang	Egison	749	726	@sin_clav これのことでした．紛らわしくてすみません． https://t.co/1WH5ibNXqU	2019-09-03 10:25:33
kipc1594	かわいいアイコン推進委員会	757	428	https://t.co/EtgPz9jQjq で学ぶアメリカの祝日	2019-09-03 10:24:51
hillbig	Daisuke Okanohara	16495	253	最大内積探索の高速化のためDB側のデータを量子化する時、従来は復元コスト最小化を損失に使っていた。復元コストをデータ方向の平行/垂直成分に分解し重み付けを変えることで内積が大きい場合のコストのみを考慮した損失を設計できる。簡単な工夫で探索精度を大きく向上可能 https://t.co/brhTBMtj0W	2019-09-03 10:11:28
Wolfsgraben	Россия Russia　🇷🇺🇯🇵	67	219	[1908.08239] Progressive Face Super-Resolution via Attention to Facial Landmark https://t.co/8thTakmLmW 　  くだらなすぎるが好き	2019-09-03 09:31:22
nick_debu_p	𝓝𝓲𝓬𝓴 𝓓𝓮𝓫𝓾	2031	4945	A Review of Point Cloud Semantic Segmentation https://t.co/vzQ5pO7gk2 Deep点群だとDGCNN世代までしか載ってないけど，古典的手法からのレビュー論文	2019-09-03 08:02:20
nick_debu_p	𝓝𝓲𝓬𝓴 𝓓𝓮𝓫𝓾	2031	4945	[ICCV 2019 Point Cloud|検索] https://t.co/tqMpIenNlk	2019-09-03 06:47:59
tokufxug	Sadao Tokuyama @ Magicverse	1188	260	[ゆる募] Unity大初心者な私に、 リンク先の記事を超絶わかりやすく やさしく教えてくれる人https://t.co/bU5KQymZub	2019-09-03 00:48:47
